,index,surname,first_name,name,birth_date,twitter_url,handle,wikipedia,in_current_parliament
0,0,Frith,James,James Frith,1977-04-23,https://twitter.com/JamesFrith,@JamesFrith,,1
1,1,,Anna,Anna McMorrin,1971,https://twitter.com/annamcmorrin,@annamcmorrin,,1
2,6,Dinenage,Caroline,Caroline Dinenage,1971-10-28,https://twitter.com/cj_dinenage,@cj_dinenage,https://en.wikipedia.org/wiki/Caroline_Dinenage,1
3,7,Cowan,Ronnie,Ronnie Cowan,1959-09-06,https://twitter.com/ronniecowan,@ronniecowan,https://en.wikipedia.org/wiki/Ronnie_Cowan_%28Scottish_politician%29,1
4,10,,Daniel,Daniel Zeichner,1956-11-09,https://twitter.com/danielzeichner,@danielzeichner,https://en.wikipedia.org/wiki/Daniel_Zeichner,1
5,12,,Thomas,Tom Brake,1962-05-06,https://twitter.com/thomasbrake,@thomasbrake,https://en.wikipedia.org/wiki/Tom_Brake,1
6,14,,Pat,Pat McFadden,1965-03-26,https://twitter.com/patmcfaddenmp,@patmcfaddenmp,https://en.wikipedia.org/wiki/Pat_McFadden_(British_politician),1
7,17,Smith,Laura,Laura Smith,,https://twitter.com/laurasmithmp,@laurasmithmp,,1
8,18,,Alec,Alec Shelbrooke,1976-01-10,https://twitter.com/AlecShelbrooke,@AlecShelbrooke,https://en.wikipedia.org/wiki/Alec_Shelbrooke,1
9,23,Day,Martyn,Martyn Day,1971-03-26,https://twitter.com/MartynDaySNP,@MartynDaySNP,https://en.wikipedia.org/wiki/Martyn_Day_%28politician%29,1
10,25,Marsden,Gordon,Gordon Marsden,1953-11-28,https://twitter.com/GordonMarsden,@GordonMarsden,https://en.wikipedia.org/wiki/Gordon_Marsden,1
11,30,Duddridge,James,James Duddridge,1971-08-26,https://twitter.com/JamesDuddridge,@JamesDuddridge,https://en.wikipedia.org/wiki/James_Duddridge,1
12,31,,,Thangam Debbonaire,1966-08-03,https://twitter.com/thangammp,@thangammp,https://en.wikipedia.org/wiki/Thangam_Debbonaire,1
13,32,Hepburn,Stephen,Stephen Hepburn,1959-12-06,https://twitter.com/jarrowstevemp,@jarrowstevemp,https://en.wikipedia.org/wiki/Stephen_Hepburn,1
14,37,Lewis,Clive,Clive Lewis,1971-09-11,https://twitter.com/labourlewis,@labourlewis,https://en.wikipedia.org/wiki/Clive_Lewis_%28politician%29,1
15,39,,Keir,Keir Starmer,1962-09-20,https://twitter.com/keir_starmer,@keir_starmer,http://en.wikipedia.org/wiki/Keir_Starmer,1
16,41,,Simon,Simon Hoare,1969-06-28,https://twitter.com/simon4ndorset,@simon4ndorset,https://en.wikipedia.org/wiki/Simon_Hoare,1
17,42,,Helen,Helen Whately,1976-06-23,https://twitter.com/helen_whately,@helen_whately,https://en.wikipedia.org/wiki/Helen_Whately,1
18,43,Campbell,Ronnie,Ronnie Campbell,1943-08-14,https://twitter.com/BVLabour,@BVLabour,https://en.wikipedia.org/wiki/Ronnie_Campbell,1
19,48,,Justin,Justin Madders,1972-11-22,https://twitter.com/justinmadders,@justinmadders,https://en.wikipedia.org/wiki/Justin_Madders,1
20,50,Braverman,,Suella Fernandes,1980-04-03,https://twitter.com/SuellaFernandes,@SuellaFernandes,https://en.wikipedia.org/wiki/Suella_Fernandes,1
21,52,,Marcus,Marcus Fysh,1970-11-08,https://twitter.com/marcusfysh,@marcusfysh,https://en.wikipedia.org/wiki/Marcus_Fysh,1
22,57,Clark,Colin,Colin Clark,1969-05-20,https://twitter.com/Colin_J_Clark,@Colin_J_Clark,,1
23,61,Elliott,Julie,Julie Elliott,1963-07-29,https://twitter.com/JulieElliottMP,@JulieElliottMP,https://en.wikipedia.org/wiki/Julie_Elliott,1
24,64,,Philippa,Philippa Whitford,1958-12-24,https://twitter.com/Dr_PhilippaW,@Dr_PhilippaW,https://en.wikipedia.org/wiki/Philippa_Whitford,1
25,66,,Mark,Mark Pawsey,1957-01-16,https://twitter.com/MarkPawsey,@MarkPawsey,https://en.wikipedia.org/wiki/Mark_Pawsey,1
26,67,Bradshaw,Ben,Ben Bradshaw,1960-08-30,https://twitter.com/BenPBradshaw,@BenPBradshaw,https://en.wikipedia.org/wiki/Ben_Bradshaw,1
27,71,Prentis,Victoria,Victoria Prentis,1971-03-24,https://twitter.com/victoriaprentis,@victoriaprentis,https://en.wikipedia.org/wiki/Victoria_Prentis,1
28,73,Redwood,John,John Redwood,1951-06-15,https://twitter.com/johnredwood,@johnredwood,https://en.wikipedia.org/wiki/John_Redwood,1
29,75,,David,David Gauke,1971-10-08,https://twitter.com/DavidGauke,@DavidGauke,https://en.wikipedia.org/wiki/David_Gauke,1
30,78,,John,John Lamont,1976-04-15,https://twitter.com/John2Win,@John2Win,,1
31,81,Whittaker,Craig,Craig Whittaker,1962-08-30,https://twitter.com/Craig_Whittaker,@Craig_Whittaker,https://en.wikipedia.org/wiki/Craig_Whittaker,1
32,82,Graham,Richard,Richard Graham,1958-04-04,https://twitter.com/RichardGrahamUK,@RichardGrahamUK,https://en.wikipedia.org/wiki/Richard_Graham_(politician),1
33,86,Cordova,Marsha,Marsha de Cordova,1976-01-23,https://twitter.com/Marshadecordova,@Marshadecordova,,1
34,92,McCallion,Elisha,Elisha McCallion,1982-01-01,https://twitter.com/elishamcc_sf,@elishamcc_sf,,1
35,93,Powell,Lucy,Lucy Powell,1974-10-10,https://twitter.com/LucyMPowell,@LucyMPowell,https://en.wikipedia.org/wiki/Lucy_Powell,1
36,94,Edwards,Jonathan,Jonathan Edwards,1976-04-26,https://twitter.com/JonathanPlaid,@JonathanPlaid,https://en.wikipedia.org/wiki/Jonathan_Edwards_(Welsh_politician),1
37,95,Rudd,Amber,Amber Rudd,1963-08-01,https://twitter.com/AmberRuddhr,@AmberRuddhr,https://en.wikipedia.org/wiki/Amber_Rudd,1
38,98,,Michael,Michael Tomlinson,1977-10-01,https://twitter.com/michael4mdnp,@michael4mdnp,https://en.wikipedia.org/wiki/Michael_Tomlinson,1
39,99,Halfon,Robert,Robert Halfon,1969-03-22,https://twitter.com/Halfon4Harlow,@Halfon4Harlow,https://en.wikipedia.org/wiki/Robert_Halfon,1
40,100,Ellwood,Tobias,Tobias Ellwood,1966-08-12,https://twitter.com/Tobias_Ellwood,@Tobias_Ellwood,https://en.wikipedia.org/wiki/Tobias_Ellwood,1
41,101,Thewliss,Alison,Alison Thewliss,1982-09-13,https://twitter.com/alisonthewliss,@alisonthewliss,https://en.wikipedia.org/wiki/Alison_Thewliss,1
42,104,,,Tulip Siddiq,1982-09-16,https://twitter.com/tulipsiddiq,@tulipsiddiq,https://en.wikipedia.org/wiki/Tulip_Siddiq,1
43,105,Cartlidge,James,James Cartlidge,1974-04-30,https://twitter.com/jc4southsuffolk,@jc4southsuffolk,https://en.wikipedia.org/wiki/James_Cartlidge,1
44,106,Gwynne,Andrew,Andrew Gwynne,1974-06-04,https://twitter.com/GwynneMP,@GwynneMP,https://en.wikipedia.org/wiki/Andrew_Gwynne,1
45,107,Fitzpatrick,Jim,Jim Fitzpatrick,1952-04-04,https://twitter.com/FitzMP,@FitzMP,https://en.wikipedia.org/wiki/Jim_Fitzpatrick_(politician),1
46,110,Ashworth,Jon,Jon Ashworth,1978-10-14,https://twitter.com/JonAshworth,@JonAshworth,https://en.wikipedia.org/wiki/Jon_Ashworth,1
47,112,,Alex,Alex Sobel,1975-04-26,https://twitter.com/alexsobel,@alexsobel,,1
48,119,,Rebecca,Rebecca Pow,1960-10-10,https://twitter.com/pow_rebecca,@pow_rebecca,https://en.wikipedia.org/wiki/Rebecca_Pow,1
49,121,Stride,Mel,Mel Stride,1961-09-30,https://twitter.com/meljstride,@meljstride,https://en.wikipedia.org/wiki/Mel_Stride,1
50,123,Elmore,Chris,Chris Elmore,1983-12-23,https://twitter.com/cpjelmore,@cpjelmore,,1
51,124,Metcalfe,Stephen,Stephen Metcalfe,1966-01-09,https://twitter.com/Metcalfe_SBET,@Metcalfe_SBET,http://en.wikipedia.org/wiki/Stephen_Metcalfe_(politician),1
52,127,Kendall,Liz,Liz Kendall,1971-06-11,https://twitter.com/leicesterliz,@leicesterliz,https://en.wikipedia.org/wiki/Liz_Kendall,1
53,129,,Anna,Anna Soubry,1956-12-07,https://twitter.com/Anna_Soubry,@Anna_Soubry,https://en.wikipedia.org/wiki/Anna_Soubry,1
54,130,Dorries,Nadine,Nadine Dorries,1957-05-21,https://twitter.com/NadineDorries,@NadineDorries,https://en.wikipedia.org/wiki/Nadine_Dorries,1
55,131,Mills,Nigel,Nigel Mills,1974-10-28,https://twitter.com/nigelmills,@nigelmills,https://en.wikipedia.org/wiki/Nigel_Mills_%28politician%29,1
56,139,,Grant,Grant Shapps,1968-09-14,https://twitter.com/grantshapps,@grantshapps,https://en.wikipedia.org/wiki/Grant_Shapps,1
57,140,Berry,Jake,Jake Berry,1978-12-29,https://twitter.com/jakeberry,@jakeberry,https://en.wikipedia.org/wiki/Jake_Berry,1
58,142,Reed,Steve,Steve Reed,1963-11-12,https://twitter.com/SteveReedMP,@SteveReedMP,https://en.wikipedia.org/wiki/Steve_Reed_(politician),1
59,145,Qureshi,Yasmin,Yasmin Qureshi,1963-07-05,https://twitter.com/YasminQureshiMP,@YasminQureshiMP,https://en.wikipedia.org/wiki/Yasmin_Qureshi,1
60,146,Healey,John,John Healey,1960-02-13,https://twitter.com/JohnHealey_MP,@JohnHealey_MP,https://en.wikipedia.org/wiki/John_Healey_(politician),1
61,148,Coffey,Therese,Therese Coffey,1971-11-18,https://twitter.com/theresecoffey,@theresecoffey,https://en.wikipedia.org/wiki/Therese_Coffey,1
62,151,Hancock,Matthew,Matthew Hancock,1978-10-02,https://twitter.com/MhancockUK,@MhancockUK,https://en.wikipedia.org/wiki/Matthew_Hancock,1
63,153,Vara,Shailesh,Shailesh Vara,1960-09-04,https://twitter.com/ShaileshVara,@ShaileshVara,https://en.wikipedia.org/wiki/Shailesh_Vara,1
64,155,Johnson,Jo,Jo Johnson,1971-12-23,https://twitter.com/JoJohnsonUK,@JoJohnsonUK,https://en.wikipedia.org/wiki/Jo_Johnson,1
65,157,Cooper,Julie,Julie Cooper,1960-06-20,https://twitter.com/julieforburnley,@julieforburnley,https://en.wikipedia.org/wiki/Julie_Cooper_%28politician%29,1
66,160,Jones,,Kevan Jones,1964-04-25,https://twitter.com/Kevan4NDurham,@Kevan4NDurham,https://en.wikipedia.org/wiki/Kevan_Jones,1
67,163,,Wes,Wes Streeting,1983-01-21,https://twitter.com/wesstreeting,@wesstreeting,https://en.wikipedia.org/wiki/Wes_Streeting,1
68,164,McDonell,John,John Martin McDonnell,1951-09-08,https://twitter.com/johnmcdonnellMP,@johnmcdonnellMP,https://en.wikipedia.org/wiki/John_McDonnell_%28politician%29,1
69,166,Bradley,Ben,Ben Bradley,1989-12,https://twitter.com/bbradleymp,@bbradleymp,,1
70,176,Eagle,Maria,Maria Eagle,1961-02-17,https://twitter.com/meaglemp,@meaglemp,https://en.wikipedia.org/wiki/Maria_Eagle,1
71,177,,Giles,Giles Watling,1953-02-18,https://twitter.com/GilesWatling,@GilesWatling,,1
72,178,Bebb,Guto,Guto Bebb,1968-10-09,https://twitter.com/GutoAberconwy,@GutoAberconwy,http://en.wikipedia.org/wiki/Guto_Bebb,1
73,180,,Bridget,Bridget Phillipson,1983-12-19,https://twitter.com/bphillipsonMP,@bphillipsonMP,https://en.wikipedia.org/wiki/Bridget_Phillipson,1
74,182,McDonagh,,Siobhain McDonagh,1960-02-20,https://twitter.com/Siobhain_MP,@Siobhain_MP,https://en.wikipedia.org/wiki/Siobhain_McDonagh,1
75,184,Burden,Richard,Richard Burden,1954-09-01,https://twitter.com/RichardBurdenMP,@RichardBurdenMP,https://en.wikipedia.org/wiki/Richard_Burden,1
76,185,Goodman,Helen,Helen Goodman,1958-01-02,https://twitter.com/HelenGoodmanMP,@HelenGoodmanMP,https://en.wikipedia.org/wiki/Helen_Goodman,1
77,187,Peacock,Stephanie,Stephanie Peacock,1986-12-19,https://twitter.com/Steph_Peacock,@Steph_Peacock,,1
78,191,,Owen,Owen Paterson,1956-06-24,https://twitter.com/OwenPaterson,@OwenPaterson,https://en.wikipedia.org/wiki/Owen_Paterson,1
79,195,,Lesley,Lesley Laird,1958-11-15,https://twitter.com/LesleyLaird,@LesleyLaird,,1
80,196,Twigg,Derek,Derek Twigg,1959-07-09,https://twitter.com/DerekTwiggMP,@DerekTwiggMP,https://en.wikipedia.org/wiki/Derek_Twigg,1
81,199,Harrington,Richard,Richard Harrington,1957-11-04,https://twitter.com/Richard4Watford,@Richard4Watford,https://en.wikipedia.org/wiki/Richard_Harrington_(politician),1
82,200,West,Catherine,Catherine West,1966-09-14,https://twitter.com/catherinewest1,@catherinewest1,https://en.wikipedia.org/wiki/Catherine_West,1
83,202,Sharma,Alok,Alok Sharma,1967-09-07,https://twitter.com/AlokSharma_RDG,@AlokSharma_RDG,https://en.wikipedia.org/wiki/Alok_Sharma,1
84,205,Johnson,Boris,Boris Johnson,1964-06-19,https://twitter.com/borisjohnson,@borisjohnson,http://en.wikipedia.org/wiki/Boris_Johnson,1
85,211,Mann,Scott,Scott Mann,1977-06-24,https://twitter.com/scottmann4NC,@scottmann4NC,https://en.wikipedia.org/wiki/Scott_Mann_%28politician%29,1
86,212,Creagh,Mary,Mary Creagh,1967-12-02,https://twitter.com/MaryCreaghMP,@MaryCreaghMP,https://en.wikipedia.org/wiki/Mary_Creagh,1
87,215,,Layla,Layla Moran,1982-09-12,https://twitter.com/laylamoran,@laylamoran,,1
88,218,Cooper,Yvette,Yvette Cooper,1969-03-20,https://twitter.com/YvetteCooperMP,@YvetteCooperMP,https://en.wikipedia.org/wiki/Yvette_Cooper,1
89,221,Murray,Ian,Ian Murray,1976-08-10,https://twitter.com/IanMurrayMP,@IanMurrayMP,http://en.wikipedia.org/wiki/Ian_Murray_%28British_politician%29,1
90,223,,Emma,Emma Lewell-Buck,1978-11-08,https://twitter.com/EmmaLewellBuck,@EmmaLewellBuck,https://en.wikipedia.org/wiki/Emma_Lewell-Buck,1
91,225,Hughes,Eddie,Eddie Hughes,1968-10-03,https://twitter.com/EddieHughes4WN,@EddieHughes4WN,,1
92,227,Javid,Sajid,Sajid Javid,1969-12-05,https://twitter.com/sajidjavid,@sajidjavid,https://en.wikipedia.org/wiki/Sajid_Javid,1
93,229,Cherry,Joanna,Joanna Cherry,1966-03-18,https://twitter.com/joannaccherry,@joannaccherry,https://en.wikipedia.org/wiki/Joanna_Cherry,1
94,235,Bryant,Chris,Chris Bryant,1962-01-11,https://twitter.com/RhonddaBryant,@RhonddaBryant,https://en.wikipedia.org/wiki/Chris_Bryant,1
95,236,,Karin,Karin Smyth,1964-09-08,https://twitter.com/karinsmyth,@karinsmyth,https://en.wikipedia.org/wiki/Karin_Smyth,1
96,240,Timms,Stephen,Stephen Timms,1955-07-29,https://twitter.com/stephenctimms,@stephenctimms,https://en.wikipedia.org/wiki/Stephen_Timms,1
97,242,Twigg,Stephen,Stephen Twigg,1966-12-25,https://twitter.com/StephenTwigg,@StephenTwigg,https://en.wikipedia.org/wiki/Stephen_Twigg,1
98,246,,Nigel,Keith Vaz,1956-11-26,https://twitter.com/keith4leicester,@keith4leicester,https://en.wikipedia.org/wiki/Keith_Vaz,1
99,251,,Will,Will Quince,1982-12-27,https://twitter.com/willquince,@willquince,https://en.wikipedia.org/wiki/Will_Quince,1
100,252,,,Tanmanjeet Singh Dhesi,1978-08-17,https://twitter.com/TanDhesi,@TanDhesi,,1
101,253,Davies,Christopher,Chris Davies,1967-08-18,https://twitter.com/ChrisDavies_MP,@ChrisDavies_MP,https://en.wikipedia.org/wiki/Christopher_Davies_%28politician%29,1
102,257,Hamilton,Fabian,Fabian Hamilton,1955-04-12,https://twitter.com/FabianLeedsNE,@FabianLeedsNE,https://en.wikipedia.org/wiki/Fabian_Hamilton,1
103,263,Owen,Albert,Albert Owen,1959-08-10,https://twitter.com/AlbertOwenMP,@AlbertOwenMP,https://en.wikipedia.org/wiki/Albert_Owen,1
104,264,Jones,Andrew,Andrew Jones,1963-11-28,https://twitter.com/AJonesMP,@AJonesMP,https://en.wikipedia.org/wiki/Andrew_Jones_(British_politician),1
105,266,,Peter,Peter Kyle,1970-09-09,https://twitter.com/peterkyle,@peterkyle,https://en.wikipedia.org/wiki/Peter_Kyle_(politician),1
106,269,Field,Mark,Mark Field,1964-10-06,https://twitter.com/MarkFieldUK,@MarkFieldUK,https://en.wikipedia.org/wiki/Mark_Field,1
107,271,,Amanda,Amanda Milling,1975-03-12,https://twitter.com/amandamilling,@amandamilling,https://en.wikipedia.org/wiki/Amanda_Milling,1
108,272,Smith,Owen,Owen Smith,1970-03-02,https://twitter.com/owensmith_mp,@owensmith_mp,https://en.wikipedia.org/wiki/Owen_Smith_(politician),1
109,279,McInnes,Liz,Liz McInnes,1957-01-01,https://twitter.com/LizMcInnes2017,@LizMcInnes2017,https://en.wikipedia.org/wiki/Liz_McInnes,1
110,280,Brine,Steve,Steve Brine,1974-01-28,https://twitter.com/sbrine,@sbrine,https://en.wikipedia.org/wiki/Steve_Brine,1
111,293,Linden,David,David Linden,1990-05-14,https://twitter.com/DavidLinden,@DavidLinden,,1
112,296,Adams,Nigel,Nigel Adams,1966-11-30,https://twitter.com/nadams,@nadams,https://en.wikipedia.org/wiki/Nigel_Adams,1
113,297,Lopez,Julia,Julia Dockerill,1984-06-04,https://twitter.com/JuliaLopezMP,@JuliaLopezMP,,1
114,298,,Peter,Peter Heaton-Jones,1963-08-02,https://twitter.com/peternorthdevon,@peternorthdevon,https://en.wikipedia.org/wiki/Peter_Heaton-Jones,1
115,300,Wood,Mike,Mike Wood,1976-03-17,https://twitter.com/mikejwood,@mikejwood,https://en.wikipedia.org/wiki/Mike_Wood_%28British_Conservative_politician%29,1
116,302,,Emma,Emma Dent Coad,1954-11-15,https://twitter.com/emmadentcoad,@emmadentcoad,,1
117,306,Pidcock,Laura,Laura Pidcock,1988-06-18,https://twitter.com/laurapidcockmp,@laurapidcockmp,,1
118,311,,Ian,Ian Blackford,1961-05-14,https://twitter.com/IanBlackfordMP,@IanBlackfordMP,https://en.wikipedia.org/wiki/Ian_Blackford,1
119,312,Collins,Damian,Damian Collins,1974-02-04,https://twitter.com/DamianCollins,@DamianCollins,http://en.wikipedia.org/wiki/Damian_Collins,1
120,313,Shuker,Gavin,Gavin Shuker,1981-10-10,https://twitter.com/gavinshuker,@gavinshuker,https://en.wikipedia.org/wiki/Gavin_Shuker,1
121,316,Thomson,Ross,Ross Thomson,1987-09-21,https://twitter.com/RossThomson_MP,@RossThomson_MP,,1
122,317,Lucas,Caroline,Caroline Lucas,1960-12-09,https://twitter.com/CarolineLucas,@CarolineLucas,https://en.wikipedia.org/wiki/Caroline_Lucas,1
123,320,,Michelle,Michelle Donelan,1984-04-08,https://twitter.com/teamdonelan,@teamdonelan,https://en.wikipedia.org/wiki/Michelle_Donelan,1
124,326,Reeves,Ellie,Ellie Reeves,1980-12-11,https://twitter.com/elliereeves,@elliereeves,,1
125,328,Hammond,Stephen,Stephen Hammond,1962-02-04,https://twitter.com/s_hammond,@s_hammond,https://en.wikipedia.org/wiki/Stephen_Hammond,1
126,329,Carden,Dan,Dan Carden,1986-10-28,https://twitter.com/DanCardenMP,@DanCardenMP,,1
127,334,,Joanne,Jo Platt,1973-06-15,https://twitter.com/JoPlattMP,@JoPlattMP,,1
128,336,Vaizey,Ed,Ed Vaizey,1968-06-05,https://twitter.com/edvaizey,@edvaizey,https://en.wikipedia.org/wiki/Ed_Vaizey,1
129,338,Cummins,Judith,Judith Cummins,1967-06-26,https://twitter.com/judithcummins,@judithcummins,https://en.wikipedia.org/wiki/Judith_Cummins,1
130,342,Ellman,Louise,Louise Ellman,1945-11-14,https://twitter.com/LouiseEllman,@LouiseEllman,https://en.wikipedia.org/wiki/Louise_Ellman,1
131,344,,William,William Wragg,1987-12-11,https://twitter.com/william_wragg,@william_wragg,https://en.wikipedia.org/wiki/William_Wragg,1
132,348,Alexander,Heidi,Heidi Alexander,1975-04-17,https://twitter.com/heidi_mp,@heidi_mp,https://en.wikipedia.org/wiki/Heidi_Alexander,1
133,349,McDonald,Andy,Andy McDonald,1958-03-08,https://twitter.com/AndyMcDonaldMP,@AndyMcDonaldMP,https://en.wikipedia.org/wiki/Andy_McDonald_(politician),1
134,352,,Timothy James,Tim Farron,1970-05-27,https://twitter.com/timfarron,@timfarron,https://en.wikipedia.org/wiki/Tim_Farron,1
135,355,,Paul,Paul Girvan,1963-07-06,https://twitter.com/PaulGirvanMP,@PaulGirvanMP,,1
136,357,Poulter,Daniel,Daniel Poulter,1978-10-30,https://twitter.com/drdanpoulter,@drdanpoulter,https://en.wikipedia.org/wiki/Daniel_Poulter,1
137,363,Zahawi,,Nadhim Zahawi,1967-06-02,https://twitter.com/nadhimzahawi,@nadhimzahawi,https://en.wikipedia.org/wiki/Nadhim_Zahawi,1
138,367,Parish,Neil,Neil Parish,1956-05-26,https://twitter.com/neil_parish,@neil_parish,http://en.wikipedia.org/wiki/Neil_Parish,1
139,368,Coffey,Ann,Ann Coffey,1946-08-31,https://twitter.com/anncoffey_mp,@anncoffey_mp,https://en.wikipedia.org/wiki/Ann_Coffey,1
140,371,Morris,Grahame,Grahame Morris,1961-03-13,https://twitter.com/grahamemorris,@grahamemorris,https://en.wikipedia.org/wiki/Grahame_Morris,1
141,372,Nokes,Caroline,Caroline Nokes,1972-06-26,https://twitter.com/carolinenokes,@carolinenokes,https://en.wikipedia.org/wiki/Caroline_Nokes,1
142,374,Sherriff,Paula,Paula Sherriff,1975-04-16,https://twitter.com/paulasherriff,@paulasherriff,https://en.wikipedia.org/wiki/Paula_Sherriff,1
143,377,,Gloria,Gloria De Piero,1972-12-21,https://twitter.com/GloriaDePiero,@GloriaDePiero,https://en.wikipedia.org/wiki/Gloria_De_Piero,1
144,379,Nandy,Lisa,Lisa Nandy,1979-08-09,https://twitter.com/lisanandy,@lisanandy,https://en.wikipedia.org/wiki/Lisa_Nandy,1
145,382,Shannon,Jim,Jim Shannon,1955-03-25,https://twitter.com/jimshannonmp,@jimshannonmp,https://en.wikipedia.org/wiki/Jim_Shannon,1
146,385,Courts,Robert,Robert Courts,1978-10-21,https://twitter.com/robertcourts,@robertcourts,,1
147,393,Lammy,David,David Lammy,1972-07-19,https://twitter.com/DavidLammy,@DavidLammy,https://en.wikipedia.org/wiki/David_Lammy,1
148,395,,Kirsty,Kirsty Blackman,1986-03-20,https://twitter.com/KirstySNP,@KirstySNP,https://en.wikipedia.org/wiki/Kirsty_Blackman,1
149,397,Philp,Christopher,Chris Philp,1976-07-06,https://twitter.com/CPhilpOfficial,@CPhilpOfficial,https://en.wikipedia.org/wiki/Chris_Philp,1
150,399,Cable,Vincent,Vincent Cable,1943-05-09,https://twitter.com/vincecable,@vincecable,,1
151,400,,,Ranil Jayawardena,1986-09-03,https://twitter.com/TellRanil,@TellRanil,https://en.wikipedia.org/wiki/Ranil_Jayawardena,1
152,401,,Gareth,Gareth Snell,1986-01-01,https://twitter.com/gareth_snell,@gareth_snell,,1
153,405,Robinson,Gavin,Gavin Robinson,1984-11-22,https://twitter.com/grobinsondup,@grobinsondup,https://en.wikipedia.org/wiki/Gavin_Robinson,1
154,407,Syms,Robert,Robert Syms,1956-08-15,https://twitter.com/RobertSyms,@RobertSyms,https://en.wikipedia.org/wiki/Robert_Syms,1
155,408,Reynolds,Emma,Emma Reynolds,1977-11-02,https://twitter.com/EmmaReynoldsMP,@EmmaReynoldsMP,https://en.wikipedia.org/wiki/Emma_Reynolds,1
156,409,Umunna,Chuka,Chuka Umunna,1978-10-17,https://twitter.com/ChukaUmunna,@ChukaUmunna,https://en.wikipedia.org/wiki/Chuka_Umunna,1
157,411,Lancaster,Mark,Mark Lancaster,1970-05-12,https://twitter.com/MarkLancasterMK,@MarkLancasterMK,http://en.wikipedia.org/wiki/Mark_Lancaster,1
158,414,Cleverly,James,James Cleverly,1969-09-04,https://twitter.com/jamescleverly,@jamescleverly,https://en.wikipedia.org/wiki/James_Cleverly,1
159,415,Hendrick,Mark,Mark Hendrick,1958-11-02,https://twitter.com/MpHendrick,@MpHendrick,https://en.wikipedia.org/wiki/Mark_Hendrick,1
160,416,Cooper,Rosie,Rosie Cooper,1950-09-05,https://twitter.com/rosie4westlancs,@rosie4westlancs,http://en.wikipedia.org/wiki/Rosie_Cooper,1
161,417,,Seema,Seema Malhotra,1970-08-07,https://twitter.com/SeemaMalhotra1,@SeemaMalhotra1,http://en.wikipedia.org/wiki/Seema_Malhotra,1
162,421,,John,John Spellar,1947-08-05,https://twitter.com/spellar,@spellar,https://en.wikipedia.org/wiki/John_Spellar,1
163,422,McVey,Esther,Esther McVey,1967-10-24,https://twitter.com/EstherMcVey1,@EstherMcVey1,,1
164,425,Lewis,Brandon,Brandon Lewis,1971-06-20,https://twitter.com/BrandonLewis,@BrandonLewis,https://en.wikipedia.org/wiki/Brandon_Lewis,1
165,426,McMahon,Jim,Jim McMahon,1980-07-07,https://twitter.com/JimfromOldham,@JimfromOldham,,1
166,431,,Angela,Angela Rayner,1980-03-28,https://twitter.com/angelarayner,@angelarayner,https://en.wikipedia.org/wiki/Angela_Rayner,1
167,432,Evans,Chris,Chris Evans,1977-07-07,https://twitter.com/ChrisEvansMP,@ChrisEvansMP,https://en.wikipedia.org/wiki/Chris_Evans_(British_politician),1
168,435,Bardell,Hannah,Hannah Bardell,1983-06-01,https://twitter.com/hannahb4livimp,@hannahb4livimp,https://en.wikipedia.org/wiki/Hannah_Bardell,1
169,436,Kane,Mike,Mike Kane,1969-01-09,https://twitter.com/MikeKaneMP,@MikeKaneMP,https://en.wikipedia.org/wiki/Mike_Kane,1
170,439,MacNeil,Angus,Angus MacNeil,1970-07-21,https://twitter.com/abmacneilsnp,@abmacneilsnp,https://en.wikipedia.org/wiki/Angus_MacNeil,1
171,442,,Sarah,Sarah Champion,1969-03-10,https://twitter.com/SarahChampionMP,@SarahChampionMP,https://en.wikipedia.org/wiki/Sarah_Champion_(politician),1
172,445,Wallace,Ben,Ben Wallace,1970-05-15,https://twitter.com/BWallaceMP,@BWallaceMP,https://en.wikipedia.org/wiki/Ben_Wallace_(politician),1
173,446,Letwin,Oliver,Oliver Letwin,1956-05-19,https://twitter.com/oletwinofficial,@oletwinofficial,https://en.wikipedia.org/wiki/Oliver_Letwin,1
174,448,Tracey,Craig,Craig Tracey,1974-08-21,https://twitter.com/craig4nwarks,@craig4nwarks,https://en.wikipedia.org/wiki/Craig_Tracey,1
175,450,,Kelly,Kelly Tolhurst,1978-08-23,https://twitter.com/kellytolhurst,@kellytolhurst,https://en.wikipedia.org/wiki/Kelly_Tolhurst,1
176,452,Hands,Greg,Greg Hands,1965-11-14,https://twitter.com/GregHands,@GregHands,http://en.wikipedia.org/wiki/Greg_Hands,1
177,453,,,Chi Onwurah,1965-04-12,https://twitter.com/ChiOnwurah,@ChiOnwurah,https://en.wikipedia.org/wiki/Chi_Onwurah,1
178,455,,Stephen,Stephen Kinnock,1970-01-01,https://twitter.com/skinnock,@skinnock,https://en.wikipedia.org/wiki/Stephen_Kinnock,1
179,463,,Jeremy,Jeremy Lefroy,1959-05-30,https://twitter.com/JeremyLefroy,@JeremyLefroy,https://en.wikipedia.org/wiki/Jeremy_Lefroy,1
180,464,Jardine,Christine,Christine Jardine,1960-11-24,https://twitter.com/Cajardine,@Cajardine,,1
181,472,McCarthy,Kerry,Kerry McCarthy,1965-03-26,https://twitter.com/KerryMP,@KerryMP,https://en.wikipedia.org/wiki/Kerry_McCarthy,1
182,474,Duncan,Alan,Alan Duncan,1957-03-31,https://twitter.com/alanduncanmp,@alanduncanmp,https://en.wikipedia.org/wiki/Alan_Duncan,1
183,482,Griffith,Nia,Nia Griffith,1956-12-04,https://twitter.com/NiaGriffithMP,@NiaGriffithMP,https://en.wikipedia.org/wiki/Nia_Griffith,1
184,486,,Martin,Martin Whitfield,1965,https://twitter.com/martwhitfieldmp,@martwhitfieldmp,,1
185,488,O'Brien,Neil,Neil O'Brien,1978-11-06,https://twitter.com/NeilDotObrien,@NeilDotObrien,,1
186,492,Bottomley,Peter,Peter Bottomley,1944-07-30,https://twitter.com/PBottomleyMP,@PBottomleyMP,https://en.wikipedia.org/wiki/Peter_Bottomley,1
187,495,Harris,Rebecca,Rebecca Harris,1967-12-22,https://twitter.com/RebeccaHarrisMP,@RebeccaHarrisMP,https://en.wikipedia.org/wiki/Rebecca_Harris,1
188,497,Tomlinson,Justin,Justin Tomlinson,1976-11-05,https://twitter.com/JustinTomlinson,@JustinTomlinson,https://en.wikipedia.org/wiki/Justin_Tomlinson,1
189,499,,Francie,Francie Molloy,1950-12-16,https://twitter.com/FrancieMolloy,@FrancieMolloy,https://en.wikipedia.org/wiki/Francie_Molloy,1
190,500,Heald,Oliver,Oliver Heald,1954-12-15,https://twitter.com/OliverHealdUK,@OliverHealdUK,https://en.wikipedia.org/wiki/Oliver_Heald,1
191,505,Laing,Eleanor,Eleanor Laing,1958-02-01,https://twitter.com/eleanor4epping,@eleanor4epping,http://en.wikipedia.org/wiki/Eleanor_Laing,1
192,506,Thornberry,Emily,Emily Thornberry,1960-07-27,https://twitter.com/EmilyThornberry,@EmilyThornberry,http://en.wikipedia.org/wiki/Emily_Thornberry,1
193,508,,Paul,Paul Maskey,1967-06-09,https://twitter.com/PaulMaskeyMP,@PaulMaskeyMP,https://en.wikipedia.org/wiki/Paul_Maskey,1
194,509,Cunningham,Jim,Jim Cunningham,1941-02-04,https://twitter.com/jimforcovsouth,@jimforcovsouth,https://en.wikipedia.org/wiki/Jim_Cunningham_%28British_politician%29,1
195,513,,Anne,Anne-Marie Trevelyan,1969-04-06,https://twitter.com/annietrev,@annietrev,https://en.wikipedia.org/wiki/Anne-Marie_Trevelyan,1
196,514,Betts,Clive,Clive Betts,1950-01-13,https://twitter.com/CliveBettsMP,@CliveBettsMP,http://en.wikipedia.org/wiki/Clive_Betts,1
197,515,,David,David Evennett,1949-06-03,https://twitter.com/DavidEvennett,@DavidEvennett,http://en.wikipedia.org/wiki/David_Evennett,1
198,517,Jones,Sarah,Sarah Jones,1972-12-20,https://twitter.com/LabourSJ,@LabourSJ,,1
199,518,,,Priti Patel,1972-03-29,https://twitter.com/pritipatelmp,@pritipatelmp,https://en.wikipedia.org/wiki/Priti_Patel,1
200,519,Dodds,Nigel,Nigel Dodds,1958-08-20,https://twitter.com/NigelDoddsDUP,@NigelDoddsDUP,https://en.wikipedia.org/wiki/Nigel_Dodds,1
201,520,,Tonia,Tonia Antoniazzi,1971-10-05,https://twitter.com/ToniaAntoniazzi,@ToniaAntoniazzi,,1
202,525,Hendry,Drew,Drew Hendry,1964-05-31,https://twitter.com/drewhendrysnp,@drewhendrysnp,http://en.wikipedia.org/wiki/Drew_Hendry,1
203,527,Green,Kate,Kate Green,1960-05-02,https://twitter.com/KateGreenSU,@KateGreenSU,https://en.wikipedia.org/wiki/Kate_Green,1
204,528,Reeves,Rachel,Rachel Reeves,1979-02-13,https://twitter.com/RachelReevesMP,@RachelReevesMP,https://en.wikipedia.org/wiki/Rachel_Reeves,1
205,530,Shah,,Naseem Shah,1973-11-13,https://twitter.com/nazshahbfd,@nazshahbfd,https://en.wikipedia.org/wiki/Naseem_Shah,1
206,534,Ross,Douglas,Douglas Ross,1983-01-27,https://twitter.com/Douglas4Moray,@Douglas4Moray,,1
207,536,Walker,Robin,Robin Walker,1978-04-12,https://twitter.com/walkerworcester,@walkerworcester,https://en.wikipedia.org/wiki/Robin_Walker,1
208,537,Furniss,Gill,Gill Furniss,1957-03-14,https://twitter.com/gillfurnissmp,@gillfurnissmp,,1
209,540,,Alex,Alex Burghart,1977,https://twitter.com/alexburghart,@alexburghart,,1
210,542,Rashid,Faisal,Faisal Rashid,1972-09-06,https://twitter.com/FaisalRashid6,@FaisalRashid6,,1
211,545,Hurd,Nick,Nick Hurd,1962-05-13,https://twitter.com/NickHurdUK,@NickHurdUK,https://en.wikipedia.org/wiki/Nick_Hurd,1
212,553,,Lee,Lee Rowley,1980-09-11,https://twitter.com/Lee4NED,@Lee4NED,,1
213,556,Lloyd,Stephen,Stephen Lloyd,1957-06-15,https://twitter.com/StephenLloydEBN,@StephenLloydEBN,,1
214,560,Soames,Nicholas,Nicholas Soames,1948-02-12,https://twitter.com/NSoames,@NSoames,https://en.wikipedia.org/wiki/Nicholas_Soames,1
215,561,Newton,Sarah,Sarah Newton,1961-07-19,https://twitter.com/SNewtonUK,@SNewtonUK,https://en.wikipedia.org/wiki/Sarah_Newton,1
216,562,,,Nusrat Ghani,1972-09-01,https://twitter.com/nus_ghani,@nus_ghani,https://en.wikipedia.org/wiki/Nusrat_Ghani,1
217,572,Khan,Mohammed,Afzal Khan,1958-04-05,https://twitter.com/Afzal4Gorton,@Afzal4Gorton,,1
218,573,Grady,Patrick,Patrick Grady,1980-02-05,https://twitter.com/gradysnp,@gradysnp,https://en.wikipedia.org/wiki/Patrick_Grady,1
219,577,Freer,Mike,Mike Freer,1960-05-29,https://twitter.com/mikefreermp,@mikefreermp,https://en.wikipedia.org/wiki/Mike_Freer,1
220,580,Benyon,Richard,Richard Benyon,1960-10-21,https://twitter.com/RichardBenyonMP,@RichardBenyonMP,http://en.wikipedia.org/wiki/Richard_Benyon,1
221,582,Hussain,Imran,Imran Hussain,1978-06-07,https://twitter.com/Imran_HussainMP,@Imran_HussainMP,https://en.wikipedia.org/wiki/Imran_Hussain_%28British_politician%29,1
222,586,Goldsmith,Frank,Zac Goldsmith,1975-01-20,https://twitter.com/ZacGoldsmith,@ZacGoldsmith,https://en.wikipedia.org/wiki/Zac_Goldsmith,1
223,587,Perkins,Toby,Toby Perkins,1970-08-12,https://twitter.com/tobyperkinsmp,@tobyperkinsmp,https://en.wikipedia.org/wiki/Toby_Perkins,1
224,588,,Alexander,Alistair Carmichael,1965-07-15,https://twitter.com/amcarmichaelMP,@amcarmichaelMP,https://en.wikipedia.org/wiki/Alistair_Carmichael,1
225,591,Phillips,Jess,Jess Phillips,1981-10-09,https://twitter.com/jessphillips,@jessphillips,https://en.wikipedia.org/wiki/Jess_Phillips_%28politician%29,1
226,593,,Stephen,Stephen Doughty,1980-04-15,https://twitter.com/SDoughtyMP,@SDoughtyMP,https://en.wikipedia.org/wiki/Stephen_Doughty,1
227,595,,Vernon,Vernon Coaker,1953-06-17,https://twitter.com/Vernon_Coaker,@Vernon_Coaker,https://en.wikipedia.org/wiki/Vernon_Coaker,1
228,596,,Peter,Peter Dowd,1957-06-20,https://twitter.com/peter_dowd,@peter_dowd,https://en.wikipedia.org/wiki/Peter_Dowd,1
229,597,Gray,James,James Gray,1954-11-07,https://twitter.com/JGray,@JGray,https://en.wikipedia.org/wiki/James_Gray_(British_politician),1
230,599,Crouch,Tracey,Tracey Crouch,1975-07-24,https://twitter.com/tracey_crouch,@tracey_crouch,https://en.wikipedia.org/wiki/Tracey_Crouch,1
231,600,Atkins,Victoria,Victoria Atkins,1976-03-22,https://twitter.com/vmatkins,@vmatkins,https://en.wikipedia.org/wiki/Victoria_Atkins,1
232,602,,Roberta,Roberta Blackman-Woods,1957-08-16,https://twitter.com/robertabwMP,@robertabwMP,https://en.wikipedia.org/wiki/Roberta_Blackman-Woods,1
233,609,,Melanie,Melanie Onn,1979-06-19,https://twitter.com/onnmel,@onnmel,https://en.wikipedia.org/wiki/Melanie_Onn,1
234,611,,Holly,Holly Lynch,1986-10-08,https://twitter.com/hollylynch5,@hollylynch5,https://en.wikipedia.org/wiki/Holly_Walker-Lynch,1
235,613,Davies,,Mims Davies,1975-06-02,https://twitter.com/mimsdavies,@mimsdavies,https://en.wikipedia.org/wiki/Mims_Davies,1
236,614,Pengelly,Emma,Emma Little Pengelly,1979-12-31,https://twitter.com/little_pengelly,@little_pengelly,,1
237,615,Stone,Jamie,Jamie Stone,1954-06-16,https://twitter.com/JamieHWStone,@JamieHWStone,,1
238,617,Mercer,Johnny,Johnny Mercer,1981-08-17,https://twitter.com/JohnnyMercerUK,@JohnnyMercerUK,https://en.wikipedia.org/wiki/Johnny_Mercer_%28politician%29,1
239,624,Prisk,Mark,Mark Prisk,1962-06-12,https://twitter.com/PriskMark,@PriskMark,https://en.wikipedia.org/wiki/Mark_Prisk,1
240,627,Glen,John,John Glen,1974-04-01,https://twitter.com/JohnGlenMP,@JohnGlenMP,https://en.wikipedia.org/wiki/John_Glen_(politician),1
241,628,Rowley,Danielle,Danielle Rowley,1989,https://twitter.com/DaniRowley,@DaniRowley,,1
242,633,Blackman,Bob,Bob Blackman,1956-04-26,https://twitter.com/BobBlackman,@BobBlackman,https://en.wikipedia.org/wiki/Bob_Blackman_(politician),1
243,635,,Peter,Peter Aldous,1961-08-26,https://twitter.com/peter_aldous,@peter_aldous,https://en.wikipedia.org/wiki/Peter_Aldous,1
244,636,,John,John Whittingdale,1959-10-16,https://twitter.com/jwhittingdale,@jwhittingdale,https://en.wikipedia.org/wiki/John_Whittingdale,1
245,637,McDonald,Stuart,Stuart McDonald,1978-05-02,https://twitter.com/stuart_mcdonald,@stuart_mcdonald,https://en.wikipedia.org/wiki/Stuart_McDonald_(Scottish_politician),1
246,639,Stevens,Joanna,Jo Stevens,1966-09-06,https://twitter.com/jostevenslabour,@jostevenslabour,https://en.wikipedia.org/wiki/Jo_Stevens,1
247,641,Moon,Madeleine,Madeleine Moon,1950-03-27,https://twitter.com/MadeleineMoon,@MadeleineMoon,https://en.wikipedia.org/wiki/Madeleine_Moon,1
248,642,,Fiona,Fiona Onasanya,1983-08,https://twitter.com/FionaOnasanyaMP,@FionaOnasanyaMP,,1
249,646,Abbott,Diane,Diane Abbott,1953-09-27,https://twitter.com/HackneyAbbott,@HackneyAbbott,https://en.wikipedia.org/wiki/Diane_Abbott,1
250,647,MacKinlay,Craig,Craig Mackinlay,1966-10-07,https://twitter.com/cmackinlay,@cmackinlay,https://en.wikipedia.org/wiki/Craig_Mackinlay,1
251,649,Keegan,Gillian,Gillian Keegan,,https://twitter.com/GillianKeegan,@GillianKeegan,,1
252,651,Jones,Susan,Susan Elan Jones,1968-06-01,https://twitter.com/susanelanjones,@susanelanjones,http://en.wikipedia.org/wiki/Susan_Jones,1
253,654,Smith,Eleanor,Eleanor Smith,1957-07-05,https://twitter.com/Eleanor_SmithMP,@Eleanor_SmithMP,,1
254,657,Wollaston,Sarah,Sarah Wollaston,1962-02-17,https://twitter.com/sarahwollaston,@sarahwollaston,https://en.wikipedia.org/wiki/Sarah_Wollaston,1
255,661,,,Kemi Badenoch,1980-01,https://twitter.com/KemiBadenoch,@KemiBadenoch,,1
256,662,Mann,John,John Mann,1960-01-10,https://twitter.com/JohnMannMP,@JohnMannMP,https://en.wikipedia.org/wiki/John_Mann_(British_politician),1
257,664,Leadsom,Andrea,Andrea Leadsom,1963-05-13,https://twitter.com/andrealeadsom,@andrealeadsom,https://en.wikipedia.org/wiki/Andrea_Leadsom,1
258,667,,Louise,Louise Haigh,1987-07-22,https://twitter.com/louhaigh,@louhaigh,https://en.wikipedia.org/wiki/Louise_Haigh,1
259,669,Smith,Chloe,Chloe Smith,1982-05-17,https://twitter.com/NorwichChloe,@NorwichChloe,https://en.wikipedia.org/wiki/Chloe_Smith,1
260,672,Lake,Ben,Ben Lake,1993-01-22,https://twitter.com/BenMLake,@BenMLake,,1
261,674,Wilson,Sammy,Sammy Wilson,1953-04-04,https://twitter.com/eastantrimmp,@eastantrimmp,https://en.wikipedia.org/wiki/Sammy_Wilson_(politician),1
262,675,Greening,Justine,Justine Greening,1969-04-30,https://twitter.com/JustineGreening,@JustineGreening,https://en.wikipedia.org/wiki/Justine_Greening,1
263,679,,Charlie,Charlie Elphicke,1971-03-14,https://twitter.com/CharlieElphicke,@CharlieElphicke,https://en.wikipedia.org/wiki/Charlie_Elphicke,1
264,682,Andrew,Stuart,Stuart Andrew,1971-11-25,https://twitter.com/StuartAndrewMP,@StuartAndrewMP,https://en.wikipedia.org/wiki/Stuart_Andrew,1
265,684,Warman,Matt,Matt Warman,1981-09-01,https://twitter.com/mattwarman,@mattwarman,https://en.wikipedia.org/wiki/Matt_Warman,1
266,685,Chapman,Jennifer,Jenny Chapman,1973-09-25,https://twitter.com/JennyChapman,@JennyChapman,https://en.wikipedia.org/wiki/Jenny_Chapman,1
267,686,Hanson,David,David Hanson,1957-07-05,https://twitter.com/DavidHansonMP,@DavidHansonMP,https://en.wikipedia.org/wiki/David_Hanson_(politician),1
268,687,Smith,Jeff,Jeff Smith,1963-01-26,https://twitter.com/jeffsmithetc,@jeffsmithetc,https://en.wikipedia.org/wiki/Jeff_Smith_%28British_politician%29,1
269,688,Hammond,Philip,Philip Hammond,1955-12-04,https://twitter.com/phammondmp,@phammondmp,https://en.wikipedia.org/wiki/Philip_Hammond,1
270,689,Davies,Philip,Philip Davies,1972-01-05,https://twitter.com/PhilipDaviesUK,@PhilipDaviesUK,http://en.wikipedia.org/wiki/Philip_Davies,1
271,691,,Paul,Paul Scully,1968-04-29,https://twitter.com/scullyp,@scullyp,https://en.wikipedia.org/wiki/Paul_Scully,1
272,693,Swayne,Desmond,Desmond Swayne,1956-08-20,https://twitter.com/DesmondSwayne,@DesmondSwayne,https://en.wikipedia.org/wiki/Desmond_Swayne,1
273,704,Gill,,Preet Kaur Gill,1972-11,https://twitter.com/PreetKGillMP,@PreetKGillMP,,1
274,705,Turley,Anna,Anna Turley,1978-10-09,https://twitter.com/annaturley,@annaturley,https://en.wikipedia.org/wiki/Anna_Turley,1
275,706,Ford,Vicky,Vicky Ford,1967-09-21,https://twitter.com/vickyford,@vickyford,,1
276,709,Duffield,Rosie,Rosie Duffield,1971-07-01,https://twitter.com/RosieDuffield1,@RosieDuffield1,,1
277,710,Penrose,John,John Penrose,1964-06-22,https://twitter.com/JohnPenroseNews,@JohnPenroseNews,https://en.wikipedia.org/wiki/John_Penrose,1
278,713,,Huw,Huw Merriman,1973-07-13,https://twitter.com/huwmerriman,@huwmerriman,https://en.wikipedia.org/wiki/Huw_Merriman,1
279,715,George,Ruth,Ruth George,1969-11-27,https://twitter.com/RuthGeorge6,@RuthGeorge6,,1
280,716,Mearns,Ian,Ian Mearns,1957-04-21,https://twitter.com/IanMearnsMP,@IanMearnsMP,http://en.wikipedia.org/wiki/Ian_Mearns,1
281,718,,Matthew,Matthew Pennycook,1982-10-29,https://twitter.com/mtpennycook,@mtpennycook,https://en.wikipedia.org/wiki/Matthew_Pennycook,1
282,720,,Rupa,Rupa Huq,1972-03-02,https://twitter.com/rupahuq,@rupahuq,https://en.wikipedia.org/wiki/Rupa_Huq,1
283,722,Robinson,Geoffrey,Geoffrey Robinson,1938-05-25,https://twitter.com/Geoffrey4CovNW,@Geoffrey4CovNW,https://en.wikipedia.org/wiki/Geoffrey_Robinson,1
284,725,Clarke,Simon,Simon Clarke,1984-09-28,https://twitter.com/SimonClarke84,@SimonClarke84,,1
285,726,,Shabana,Shabana Mahmood,1980-09-17,https://twitter.com/ShabanaMahmood,@ShabanaMahmood,http://en.wikipedia.org/wiki/Shabana_Mahmood,1
286,727,Watson,Thomas,Tom Watson,1967-01-08,https://twitter.com/tom_watson,@tom_watson,https://en.wikipedia.org/wiki/Tom_Watson_(Labour_politician),1
287,730,Field,Frank,Frank Field,1942-07-16,https://twitter.com/frankfieldteam,@frankfieldteam,https://en.wikipedia.org/wiki/Frank_Field_(British_politician),1
288,733,Dunne,Philip,Philip Dunne,1958-08-14,https://twitter.com/dunne4ludlow,@dunne4ludlow,http://en.wikipedia.org/wiki/Philip_Dunne_(born_1958),1
289,738,Spencer,Mark,Mark Spencer,1970-01-20,https://twitter.com/Mark_Spencer,@Mark_Spencer,https://en.wikipedia.org/wiki/Mark_Spencer_(British_politician),1
290,741,Morgan,Stephen,Stephen Morgan,1981-01-17,https://twitter.com/sjmorganuk,@sjmorganuk,,1
291,742,Jones,David,David Jones,1952-03-22,https://twitter.com/voteDavidJones,@voteDavidJones,https://en.wikipedia.org/wiki/David_Jones_(MP_for_Clwyd_West),1
292,744,,,Rehman Chishti,1978-10-04,https://twitter.com/Rehman_Chishti,@Rehman_Chishti,https://en.wikipedia.org/wiki/Rehman_Chishti,1
293,745,Leigh,Edward,Edward Leigh,1950-07-20,https://twitter.com/EdwardLeighUK,@EdwardLeighUK,https://en.wikipedia.org/wiki/Edward_Leigh,1
294,746,Cryer,John,John Cryer,1964-04-11,https://twitter.com/JohnCryerMP,@JohnCryerMP,https://en.wikipedia.org/wiki/John_Cryer,1
295,747,Lucas,Ian,Ian Lucas,1960-09-18,https://twitter.com/IanCLucas,@IanCLucas,http://en.wikipedia.org/wiki/Ian_Lucas,1
296,748,Buck,Karen,Karen Buck,1958-08-30,https://twitter.com/KarenPBuckMP,@KarenPBuckMP,http://en.wikipedia.org/wiki/Karen_Buck,1
297,753,,Tom,Thomas Tugendhat,1973-06-27,https://twitter.com/tomtugendhat,@tomtugendhat,https://en.wikipedia.org/wiki/Thomas_Tugendhat,1
298,754,,Jacob,Jacob Rees-Mogg,1969-05-24,https://twitter.com/Jacob_Rees_Mogg,@Jacob_Rees_Mogg,https://en.wikipedia.org/wiki/Jacob_Rees-Mogg,1
299,759,,Ruth,Ruth Smeeth,1979-06-29,https://twitter.com/ruthsmeeth,@ruthsmeeth,https://en.wikipedia.org/wiki/Ruth_Smeeth,1
300,761,Hollern,Kate,Kate Hollern,1955-04-12,https://twitter.com/kate_hollernmp,@kate_hollernmp,https://en.wikipedia.org/wiki/Kate_Hollern,1
301,763,Sweeney,Paul,Paul Sweeney,1989-01-16,https://twitter.com/PaulJSweeney,@PaulJSweeney,,1
302,766,Jones,Gerald,Gerald Jones,1970-08-21,https://twitter.com/geraldjoneslab,@geraldjoneslab,https://en.wikipedia.org/wiki/Gerald_Jones,1
303,768,,,Bambos Charalambous,1967-12-02,https://twitter.com/Bambos4MP,@Bambos4MP,,1
304,769,Rutley,David,David Rutley,1961-03-07,https://twitter.com/DavidRutley,@DavidRutley,https://en.wikipedia.org/wiki/David_Rutley,1
305,773,Stevenson,John,John Stevenson,1963-07-04,https://twitter.com/John4Carlisle,@John4Carlisle,https://en.wikipedia.org/wiki/John_Stevenson_(British_politician),1
306,778,Davis,David,David Davis,1948-12-23,https://twitter.com/DavidDavisMP,@DavidDavisMP,https://en.wikipedia.org/wiki/David_Davis_(British_politician),1
307,780,Brown,Lyn,Lyn Brown,1960-04-13,https://twitter.com/lynbrownmp,@lynbrownmp,https://en.wikipedia.org/wiki/Lyn_Brown_%28politician%29,1
308,781,,Yvonne,Yvonne Fovargue,1956-11-29,https://twitter.com/Y_FovargueMP,@Y_FovargueMP,https://en.wikipedia.org/wiki/Yvonne_Fovargue,1
309,784,,Andrew,Andrew Stephenson,1981-02-17,https://twitter.com/Andrew4Pendle,@Andrew4Pendle,https://en.wikipedia.org/wiki/Andrew_Stephenson,1
310,786,Lopresti,Jack,Jack Lopresti,1969-08-23,https://twitter.com/JackLopresti,@JackLopresti,https://en.wikipedia.org/wiki/Jack_Lopresti,1
311,789,Rees,Christina,Christina Rees,1954-02-21,https://twitter.com/rees4neath,@rees4neath,https://en.wikipedia.org/wiki/Christina_Rees_%28politician%29,1
312,790,Cairns,Alun,Alun Cairns,1970-07-30,https://twitter.com/AlunCairns,@AlunCairns,https://en.wikipedia.org/wiki/Alun_Cairns,1
313,791,,Jackie,Jackie Doyle-Price,1969-08-05,https://twitter.com/JACKIEDP,@JACKIEDP,https://en.wikipedia.org/wiki/Jackie_Doyle-Price,1
314,792,Smith,Julian,Julian Smith,1971-08-30,https://twitter.com/JulianSmithuk,@JulianSmithuk,https://en.wikipedia.org/wiki/Julian_Smith_(politician),1
315,798,Wheeler,Heather,Heather Wheeler,1959-05-14,https://twitter.com/HeatherWheeler,@HeatherWheeler,https://en.wikipedia.org/wiki/Heather_Wheeler,1
316,799,Byrne,Liam,Liam Byrne,1970-10-02,https://twitter.com/LiamByrneMP,@LiamByrneMP,http://en.wikipedia.org/wiki/Liam_Byrne,1
317,801,Davies,David,David Davies,1970-06-01,https://twitter.com/davidtcdavies,@davidtcdavies,https://en.wikipedia.org/wiki/David_Davies_(Welsh_politician),1
318,803,,Marion,Marion Fellows,1949-05-05,https://twitter.com/marionfellows,@marionfellows,https://en.wikipedia.org/wiki/Marion_Fellows,1
319,806,Pritchard,Mark,Mark Pritchard,1966-11-22,https://twitter.com/MPritchardUK,@MPritchardUK,https://en.wikipedia.org/wiki/Mark_Pritchard_%28politician%29,1
320,810,Foxcroft,Vicky,Vicky Foxcroft,1977-03-09,https://twitter.com/vickyfoxcroft,@vickyfoxcroft,https://en.wikipedia.org/wiki/Vicky_Foxcroft,1
321,811,Griffiths,Andrew,Andrew Griffiths,1970-10-19,https://twitter.com/AndrewGriffiths,@AndrewGriffiths,https://en.wikipedia.org/wiki/Andrew_Griffiths_(politician),1
322,812,Barclay,Stephen,Stephen Barclay,1972-06-30,https://twitter.com/SteveBarclay,@SteveBarclay,https://en.wikipedia.org/wiki/Stephen_Barclay,1
323,814,,Anne,Anne Marie Morris,1957-07-05,https://twitter.com/AnneMarieMorris,@AnneMarieMorris,https://en.wikipedia.org/wiki/Anne_Marie_Morris,1
324,815,Jones,Graham,Graham Jones,1966-03-03,https://twitter.com/GrahamJones_MP,@GrahamJones_MP,https://en.wikipedia.org/wiki/Graham_Jones_(politician),1
325,816,Williams,Paul,Paul Williams,1972-08-23,https://twitter.com/paulwilliamsmp,@paulwilliamsmp,,1
326,817,Esterson,Bill,Bill Esterson,1966-10-27,https://twitter.com/Bill_Esterson,@Bill_Esterson,https://en.wikipedia.org/wiki/Bill_Esterson,1
327,819,Reynolds,Jonathan,Jonathan Reynolds,1980-08-28,https://twitter.com/jreynoldsMP,@jreynoldsMP,https://en.wikipedia.org/wiki/Jonathan_Reynolds,1
328,821,Masterton,Paul,Paul Masterton,1985-11-02,https://twitter.com/PM4EastRen,@PM4EastRen,,1
329,822,Norman,Jesse,Jesse Norman,1962-06-23,https://twitter.com/Jesse_Norman,@Jesse_Norman,https://en.wikipedia.org/wiki/Jesse_Norman,1
330,823,Newlands,Gavin,Gavin Newlands,1980-02-02,https://twitter.com/GavNewlandsSNP,@GavNewlandsSNP,https://en.wikipedia.org/wiki/Gavin_Newlands,1
331,826,Greenwood,Lilian,Lilian Greenwood,1966-03-26,https://twitter.com/LilianGreenwood,@LilianGreenwood,https://en.wikipedia.org/wiki/Lilian_Greenwood,1
332,830,Howell,John,John Howell,1955-07-27,https://twitter.com/JHowellUK,@JHowellUK,https://en.wikipedia.org/wiki/John_Howell_(politician),1
333,831,Tami,Mark,Mark Tami,1962-10-03,https://twitter.com/MarkTamiMP,@MarkTamiMP,https://en.wikipedia.org/wiki/Mark_Tami,1
334,832,Gibb,Nick,Nick Gibb,1960-09-03,https://twitter.com/nickgibbuk,@nickgibbuk,https://en.wikipedia.org/wiki/Nick_Gibb,1
335,833,Hall,Luke,Luke Hall,1986-07-08,https://twitter.com/LukeHallMP,@LukeHallMP,http://en.wikipedia.org/wiki/Luke_Hall_%28politician%29,1
336,834,Daby,Janet,Janet Daby,1970-12-15,https://twitter.com/JanetDaby,@JanetDaby,,1
337,835,,Hugh,Hugh Gaffney,1963-08-10,https://twitter.com/HughGaffneyMP,@HughGaffneyMP,,1
338,839,Skidmore,Chris,Chris Skidmore,1981-05-17,https://twitter.com/CSkidmoreUK,@CSkidmoreUK,https://en.wikipedia.org/wiki/Chris_Skidmore,1
339,844,Hayes,Helen,Helen Hayes,1974-08-08,https://twitter.com/helenhayes_,@helenhayes_,https://en.wikipedia.org/wiki/Helen_Hayes_%28politician%29,1
340,850,Gove,Michael,Michael Gove,1967-08-26,https://twitter.com/michaelgove,@michaelgove,https://en.wikipedia.org/wiki/Michael_Gove,1
341,854,Throup,Maggie,Maggie Throup,1957-01-27,https://twitter.com/mthroup,@mthroup,https://en.wikipedia.org/wiki/Maggie_Throup,1
342,855,Smith,Angela,Angela Smith,1961-08-16,https://twitter.com/angelasmithmp,@angelasmithmp,https://en.wikipedia.org/wiki/Angela_C._Smith,1
343,856,Lord,Jonathan,Jonathan Lord,1962-09-17,https://twitter.com/JonathanLord,@JonathanLord,https://en.wikipedia.org/wiki/Jonathan_Lord,1
344,858,Davies,Geraint,Geraint Davies,1960-05-03,https://twitter.com/GeraintDaviesMP,@GeraintDaviesMP,https://en.wikipedia.org/wiki/Geraint_Davies_(Labour_politician),1
345,861,Cruddas,Jon,Jon Cruddas,1962-04-07,https://twitter.com/JonCruddas_1,@JonCruddas_1,https://en.wikipedia.org/wiki/Jon_Cruddas,1
346,863,Vickers,Martin,Martin Vickers,1950-09-13,https://twitter.com/martinvickersmp,@martinvickersmp,http://en.wikipedia.org/wiki/Martin_Vickers,1
347,868,,Kate,Kate Osamor,1968-08-15,https://twitter.com/kateosamor,@kateosamor,https://en.wikipedia.org/wiki/Kate_Osamor,1
348,869,Dodds,Anneliese,Anneliese Dodds,1978-03-16,https://twitter.com/AnnelieseDodds,@AnnelieseDodds,,1
349,872,,Hilary,Hilary Benn,1953-11-26,https://twitter.com/hilarybennmp,@hilarybennmp,https://en.wikipedia.org/wiki/Hilary_Benn,1
350,879,Johnson,Diana,Diana R. Johnson,1966-07-25,https://twitter.com/DianaJohnsonMP,@DianaJohnsonMP,https://en.wikipedia.org/wiki/Diana_Johnson,1
351,880,Flint,Caroline,Caroline Flint,1961-09-20,https://twitter.com/CarolineFlintMP,@CarolineFlintMP,https://en.wikipedia.org/wiki/Caroline_Flint,1
352,881,Mundell,David,David Mundell,1962-05-27,https://twitter.com/davidmundelldct,@davidmundelldct,https://en.wikipedia.org/wiki/David_Mundell,1
353,885,Black,Mhairi,Mhairi Black,1994-09-12,https://twitter.com/mhairi1921,@mhairi1921,https://en.wikipedia.org/wiki/Mhairi_Black,1
354,888,Dakin,Nic,Nicholas Dakin,1955-07-10,https://twitter.com/NicDakin4MP,@NicDakin4MP,https://en.wikipedia.org/wiki/Nicholas_Dakin,1
355,889,Walker,Thelma,Thelma Walker,1957-04-07,https://twitter.com/Red_thelma,@Red_thelma,,1
356,891,Baldwin,Harriett,Harriett Baldwin,1960-05-02,https://twitter.com/hbaldwin,@hbaldwin,https://en.wikipedia.org/wiki/Harriett_Baldwin,1
357,893,Sturdy,Julian,Julian Sturdy,1971-06-03,https://twitter.com/Juliansturdy,@Juliansturdy,https://en.wikipedia.org/wiki/Julian_Sturdy,1
358,895,Thomas,Gareth,Gareth Thomas,1967-07-15,https://twitter.com/GarethThomasMP,@GarethThomasMP,https://en.wikipedia.org/wiki/Gareth_Thomas_(English_politician),1
359,898,,Tim,Tim Loughton,1962-05-30,https://twitter.com/timloughton,@timloughton,https://en.wikipedia.org/wiki/Tim_Loughton,1
360,908,Paisley,Ian,Ian Paisley Jnr,1966-12-12,https://twitter.com/ianpaisleymp,@ianpaisleymp,https://en.wikipedia.org/wiki/Ian_Paisley_Jnr,1
361,911,Holloway,Adam,Adam Holloway,1965-07-29,https://twitter.com/AdamHollowayMP,@AdamHollowayMP,https://en.wikipedia.org/wiki/Adam_Holloway,1
362,912,Bridgen,Andrew,Andrew Bridgen,1964-10-28,https://twitter.com/ABridgen,@ABridgen,https://en.wikipedia.org/wiki/Andrew_Bridgen,1
363,914,Kennedy,Seema,Seema Kennedy,1974-10-06,https://twitter.com/seemakennedy,@seemakennedy,https://en.wikipedia.org/wiki/Seema_Kennedy,1
364,915,Maynard,Paul,Paul Maynard,1975-12-16,https://twitter.com/PaulMaynardUK,@PaulMaynardUK,https://en.wikipedia.org/wiki/Paul_Maynard,1
365,917,Creasy,Stella,Stella Creasy,1977-04-05,https://twitter.com/stellacreasy,@stellacreasy,http://en.wikipedia.org/wiki/Stella_Creasy,1
366,918,Miliband,Ed,Ed Miliband,1969-12-24,https://twitter.com/Ed_Miliband,@Ed_Miliband,https://en.wikipedia.org/wiki/Ed_Miliband,1
367,924,Herbert,Nick,Nick Herbert,1963-04-07,https://twitter.com/nickherbertmp,@nickherbertmp,https://en.wikipedia.org/wiki/Nick_Herbert,1
368,931,Killen,Gerard,Gerard Killen,1986-05-15,https://twitter.com/Gedk,@Gedk,,1
369,933,Smith,Henry,Henry Smith,1969-05-14,https://twitter.com/HenrySmithMP,@HenrySmithMP,https://en.wikipedia.org/wiki/Henry_Smith_(British_politician),1
370,939,Flynn,Paul,Paul Flynn,1935-02-09,https://twitter.com/Paulflynnmp,@Paulflynnmp,https://en.wikipedia.org/wiki/Paul_Flynn_(politician),1
371,940,Brokenshire,James,James Brokenshire,1968-01-08,https://twitter.com/JBrokenshire,@JBrokenshire,https://en.wikipedia.org/wiki/James_Brokenshire,1
372,941,Burgon,Richard,Richard Burgon,1980-09-19,https://twitter.com/richardburgon,@richardburgon,https://en.wikipedia.org/wiki/Richard_Burgon,1
373,943,Milton,Anne,Anne Milton,1955-11-03,https://twitter.com/AnneMiltonMP,@AnneMiltonMP,https://en.wikipedia.org/wiki/Anne_Milton,1
374,945,,Carol,Carol Monaghan,1972-08-02,https://twitter.com/CMonaghanMP,@CMonaghanMP,https://en.wikipedia.org/wiki/Carol_Monaghan,1
375,946,Clark,Greg,Greg Clark,1967-08-28,https://twitter.com/GClarkUK,@GClarkUK,https://en.wikipedia.org/wiki/Greg_Clark,1
376,948,Jones,Marcus,Marcus Jones,1974-04-05,https://twitter.com/Marcus4Nuneaton,@Marcus4Nuneaton,http://en.wikipedia.org/wiki/Marcus_Jones_(British_politician),1
377,950,Graham,Luke,Luke Graham,1985,https://twitter.com/LGrahamOSP2015,@LGrahamOSP2015,,1
378,951,,Andrew,Andrew Lewer,1971-07-18,https://twitter.com/ALewerMBE,@ALewerMBE,,1
379,954,Brady,Graham,Graham Brady,1967-05-20,https://twitter.com/Graham__Brady,@Graham__Brady,https://en.wikipedia.org/wiki/Graham_Brady,1
380,958,,Michelle,Michelle Gildernew,1970-03-28,https://twitter.com/gildernewmp,@gildernewmp,,1
381,960,Barron,Kevin,Kevin Barron,1946-10-26,https://twitter.com/KevinBarronMP,@KevinBarronMP,https://en.wikipedia.org/wiki/Kevin_Barron,1
382,961,Stuart,Graham,Graham Stuart,1962-03-12,https://twitter.com/grahamstuart,@grahamstuart,http://en.wikipedia.org/wiki/Graham_Stuart_(politician),1
383,963,Woodcock,John,John Woodcock,1979-10-14,https://twitter.com/JWoodcockMP,@JWoodcockMP,https://en.wikipedia.org/wiki/John_Woodcock_%28politician%29,1
384,964,Jarvis,Dan,Dan Jarvis,1972-11-30,https://twitter.com/DanJarvisMP,@DanJarvisMP,http://en.wikipedia.org/wiki/Dan_Jarvis,1
385,967,Green,Chris,Chris Green,1973-08-12,https://twitter.com/ChrisGreenMP,@ChrisGreenMP,https://en.wikipedia.org/wiki/Chris_Green_%28politician%29,1
386,968,Mak,Alan,Alan Mak,1983-11-19,https://twitter.com/AlanMakHavant,@AlanMakHavant,https://en.wikipedia.org/wiki/Alan_Mak_%28politician%29,1
387,969,Simpson,Keith,Keith Simpson,1949-03-29,https://twitter.com/KeithSimpsonMP,@KeithSimpsonMP,http://en.wikipedia.org/wiki/Keith_Simpson_%28politician%29,1
388,970,,Liz,Liz Saville-Roberts,1964-12-16,https://twitter.com/lsrplaid,@lsrplaid,https://en.wikipedia.org/wiki/Liz_Saville-Roberts,1
389,971,Clarke,Kenneth,Kenneth Clarke,1940-07-02,https://twitter.com/KenClarkeMP,@KenClarkeMP,http://en.wikipedia.org/wiki/Kenneth_Clarke,1
390,975,Ellis,Michael,Michael Ellis,1967-10-13,https://twitter.com/Michael_Ellis1,@Michael_Ellis1,https://en.wikipedia.org/wiki/Michael_Ellis_(British_politician),1
391,978,Brabin,Tracy,Tracy Brabin,1961-05-09,https://twitter.com/tracybrabin,@tracybrabin,,1
392,981,McKinnell,Catherine,Catherine McKinnell,1976-06-08,https://twitter.com/catmckinnell,@catmckinnell,https://en.wikipedia.org/wiki/Catherine_McKinnell,1
393,987,Morton,Wendy,Wendy Morton,1967-11-09,https://twitter.com/morton_wendy,@morton_wendy,https://en.wikipedia.org/wiki/Wendy_Morton,1
394,988,Green,Damian,Damian Green,1956-01-17,https://twitter.com/DamianGreen,@DamianGreen,http://en.wikipedia.org/wiki/Damian_Green,1
395,995,McElduff,Barry,Barry McElduff,1966-08-16,https://twitter.com/BarryMcElduff,@BarryMcElduff,,1
396,1001,Williams,Hywel,Hywel Williams,1953-05-14,https://twitter.com/hywelplaidcymru,@hywelplaidcymru,https://en.wikipedia.org/wiki/Hywel_Williams,1
397,1002,Moore,Damien,Damien Moore,1980-04-26,https://twitter.com/moore4southport,@moore4southport,,1
398,1006,Smith,Catherine,Cat Smith,1985-06-16,https://twitter.com/CatSmithMP,@CatSmithMP,https://en.wikipedia.org/wiki/Cat_Smith,1
399,1011,Efford,Clive,Clive Efford,1958-07-10,https://twitter.com/CliveEfford,@CliveEfford,https://en.wikipedia.org/wiki/Clive_Efford,1
400,1014,Boles,Nicholas,Nicholas Boles,1965-11-02,https://twitter.com/NickBoles,@NickBoles,https://en.wikipedia.org/wiki/Nicholas_Boles,1
401,1022,Smith,,Royston Smith,1964-05-13,https://twitter.com/royston_smith,@royston_smith,https://en.wikipedia.org/wiki/Royston_Smith_%28politician%29,1
402,1023,Crabb,Stephen,Stephen Crabb,1973-01-20,https://twitter.com/SCrabbPembs,@SCrabbPembs,https://en.wikipedia.org/wiki/Stephen_Crabb,1
403,1028,Leslie,Chris,Chris Leslie,1972-06-28,https://twitter.com/ChrisLeslieMP,@ChrisLeslieMP,https://en.wikipedia.org/wiki/Chris_Leslie_(politician),1
404,1032,,Stephen,Stephen Gethins,1976-03-28,https://twitter.com/stephengethins,@stephengethins,https://en.wikipedia.org/wiki/Stephen_Gethins,1
405,1033,,David,David Crausby,1946-06-17,https://twitter.com/DavidCrausby,@DavidCrausby,https://en.wikipedia.org/wiki/David_Crausby,1
406,1036,Jenkin,Bernard,Bernard Jenkin,1959-04-09,https://twitter.com/bernardjenkin,@bernardjenkin,https://en.wikipedia.org/wiki/Bernard_Jenkin,1
407,1043,Knight,Greg,Greg Knight,1949-04-04,https://twitter.com/GregKnight,@GregKnight,https://en.wikipedia.org/wiki/Greg_Knight,1
408,1045,Thomas,Derek,Derek Thomas,1972-07-20,https://twitter.com/DerekThomasUK,@DerekThomasUK,https://en.wikipedia.org/wiki/Derek_Thomas_%28politician%29,1
409,1046,Jones,Helen,Helen Jones,1954-12-24,https://twitter.com/HelenJonesMP,@HelenJonesMP,https://en.wikipedia.org/wiki/Helen_Jones,1
410,1047,Hodge,Margaret,Margaret Hodge,1944-09-08,https://twitter.com/margarethodge,@margarethodge,https://en.wikipedia.org/wiki/Margaret_Hodge,1
411,1049,,David,David Duguid,1970-10-08,https://twitter.com/david_duguid,@david_duguid,,1
412,1051,David,Wayne,Wayne David,1957-07-01,https://twitter.com/WayneDavid_MP,@WayneDavid_MP,https://en.wikipedia.org/wiki/Wayne_David,1
413,1055,Berger,Luciana,Luciana Berger,1981-05-15,https://twitter.com/lucianaberger,@lucianaberger,https://en.wikipedia.org/wiki/Luciana_Berger,1
414,1056,,Robert,Bob Seely,1966,https://twitter.com/IoWBobSeely,@IoWBobSeely,,1
415,1057,Kerr,Stephen,Stephen Kerr,1960-09-26,https://twitter.com/stephenkerrMP,@stephenkerrMP,,1
416,1060,,Neil,Neil Coyle,1978-12-30,https://twitter.com/coyleneil,@coyleneil,https://en.wikipedia.org/wiki/Neil_Coyle,1
417,1064,Trickett,Jon,Jon Trickett,1950-07-02,https://twitter.com/jon_trickett,@jon_trickett,https://en.wikipedia.org/wiki/Jon_Trickett,1
418,1065,Whitehead,Alan,Alan Whitehead,1950-09-15,https://twitter.com/alanwhiteheadmp,@alanwhiteheadmp,https://en.wikipedia.org/wiki/Alan_Whitehead,1
419,1067,Williamson,Chris,Chris Williamson,1956-09-16,https://twitter.com/derbychrisw,@derbychrisw,,1
420,1069,McDonald,Stewart,Stewart McDonald,1986-08-24,https://twitter.com/stewartmcdonald,@stewartmcdonald,https://en.wikipedia.org/wiki/Stewart_McDonald_%28politician%29,1
421,1071,Baker,Steve,Steven Baker,1971-06-06,https://twitter.com/stevebakerhw,@stevebakerhw,https://en.wikipedia.org/wiki/Steve_Baker_(politician),1
422,1074,Morgan,Nicola,Nicky Morgan,1972-10-10,https://twitter.com/NickyMorgan01,@NickyMorgan01,http://en.wikipedia.org/wiki/Nicky_Morgan_%28politician%29,1
423,1080,Cameron,Lisa,Lisa Cameron,1972-04-08,https://twitter.com/lisacameronmp,@lisacameronmp,https://en.wikipedia.org/wiki/Lisa_Cameron,1
424,1081,Rimmer,Marie,Marie Rimmer,1947-04-27,https://twitter.com/MarieRimmer,@MarieRimmer,https://en.wikipedia.org/wiki/Marie_Rimmer,1
425,1082,Swire,Hugo,Hugo Swire,1959-11-30,https://twitter.com/HugoSwire,@HugoSwire,https://en.wikipedia.org/wiki/Hugo_Swire,1
426,1083,Kwarteng,Kwasi,Kwasi Kwarteng,1975-05-26,https://twitter.com/KwasiKwarteng_,@KwasiKwarteng_,https://en.wikipedia.org/wiki/Kwasi_Kwarteng,1
427,1086,Stewart,Roderick,Rory Stewart,1973-01-03,https://twitter.com/RoryStewartUK,@RoryStewartUK,https://en.wikipedia.org/wiki/Rory_Stewart,1
428,1091,,Christopher,Christopher Pincher,1969-09-24,https://twitter.com/ChrisPincher,@ChrisPincher,https://en.wikipedia.org/wiki/Christopher_Pincher,1
429,1092,Williamson,Gavin,Gavin Williamson,1976-06-25,https://twitter.com/GavinWilliamson,@GavinWilliamson,https://en.wikipedia.org/wiki/Gavin_Williamson,1
430,1093,,Andrew,Andrew Rosindell,1966-03-17,https://twitter.com/AndrewRosindell,@AndrewRosindell,https://en.wikipedia.org/wiki/Andrew_Rosindell,1
431,1094,Harper,Mark,Mark Harper,1970-02-26,https://twitter.com/Mark_J_Harper,@Mark_J_Harper,https://en.wikipedia.org/wiki/Mark_Harper,1
432,1095,Costa,Alberto,Alberto Costa,1971-11-13,https://twitter.com/AlbertoCosta,@AlbertoCosta,https://en.wikipedia.org/wiki/Alberto_Costa_%28British_politician%29,1
433,1098,,Phillip,Phillip Lee,1970-09-28,https://twitter.com/DrPhillipLeeMP,@DrPhillipLeeMP,https://en.wikipedia.org/wiki/Phillip_Lee_(politician),1
434,1100,,Sue,Sue Hayman,1962-07-28,https://twitter.com/suehayman1,@suehayman1,https://en.wikipedia.org/wiki/Sue_Hayman,1
435,1101,Garnier,Mark,Mark Garnier,1963-02-26,https://twitter.com/Mark4WyreForest,@Mark4WyreForest,https://en.wikipedia.org/wiki/Mark_Garnier,1
436,1102,Austin,Ian,Ian Austin,1965-03-06,https://twitter.com/IanAustinMP,@IanAustinMP,https://en.wikipedia.org/wiki/Ian_Austin_(politician),1
437,1103,,Lucy,Lucy Frazer,1972-05-17,https://twitter.com/LucyFrazerUK,@LucyFrazerUK,https://en.wikipedia.org/wiki/Lucy_Frazer,1
438,1105,Foster,Kevin,Kevin Foster,1978-12-31,https://twitter.com/kevin_j_foster,@kevin_j_foster,https://en.wikipedia.org/wiki/Kevin_Foster_%28politician%29,1
439,1110,,Tom,Tom Pursglove,1988-11-05,https://twitter.com/votepursglove,@votepursglove,https://en.wikipedia.org/wiki/Tom_Pursglove,1
440,1113,,Kevin,Kevin Hollinrake,1963-09-28,https://twitter.com/kevinhollinrake,@kevinhollinrake,https://en.wikipedia.org/wiki/Kevin_Hollinrake,1
441,1114,McGinn,Conor,Conor McGinn,1984-07-31,https://twitter.com/conormcginn,@conormcginn,https://en.wikipedia.org/wiki/Conor_McGinn,1
442,1115,Hodgson,Sharon,Sharon Hodgson,1966-04-01,https://twitter.com/SharonHodgsonMP,@SharonHodgsonMP,http://en.wikipedia.org/wiki/Sharon_Hodgson,1
443,1117,Harris,Carolyn,Carolyn Harris,1960-09-18,https://twitter.com/carolynharris24,@carolynharris24,https://en.wikipedia.org/wiki/Carolyn_Harris_%28politician%29,1
444,1119,Evans,Nigel,Nigel Evans,1957-11-10,https://twitter.com/ElectNigel,@ElectNigel,https://en.wikipedia.org/wiki/Nigel_Evans,1
445,1123,Johnson,Gareth,Gareth Johnson,1969-10-12,https://twitter.com/GarethJohnsonMP,@GarethJohnsonMP,https://en.wikipedia.org/wiki/Gareth_Johnson,1
446,1124,Norris,Alex,Alex Norris,1984-02-04,https://twitter.com/ANorrisMP,@ANorrisMP,,1
447,1125,Kawczynski,Daniel,Daniel Kawczynski,1972-01-24,https://twitter.com/daniel4shrews,@daniel4shrews,http://en.wikipedia.org/wiki/Daniel_Kawczynski,1
448,1127,Caulfield,Maria,Maria Caulfield,1973-08-06,https://twitter.com/mariacaulfield,@mariacaulfield,https://en.wikipedia.org/wiki/Maria_Caulfield,1
449,1128,,Robert,Robert Jenrick,1982-01-09,https://twitter.com/RobertJenrick,@RobertJenrick,http://en.wikipedia.org/wiki/Robert_Jenrick,1
450,1129,,David,David Lidington,1956-06-30,https://twitter.com/DLidington,@DLidington,http://en.wikipedia.org/wiki/David_Lidington,1
451,1130,,Chris,Chris Grayling,1962-04-01,https://twitter.com/transportgovuk,@transportgovuk,https://en.wikipedia.org/wiki/Chris_Grayling,1
452,1131,Blomfield,Paul,Paul Blomfield,1953-08-25,https://twitter.com/PaulBlomfieldMP,@PaulBlomfieldMP,http://en.wikipedia.org/wiki/Paul_Blomfield,1
453,1133,,Peter,Pete Wishart,1962-03-09,https://twitter.com/PeteWishart,@PeteWishart,https://en.wikipedia.org/wiki/Pete_Wishart,1
454,1137,Grant,Peter,Peter Grant,1960-10-12,https://twitter.com/petergrantmp,@petergrantmp,https://en.wikipedia.org/wiki/Peter_Grant_%28British_politician%29,1
455,1138,,,Kirstene Hair,1989-08-12,https://twitter.com/Kirstene4Angus,@Kirstene4Angus,,1
456,1139,Ryan,Joan,Joan Ryan,1955-09-08,https://twitter.com/joanryanenfield,@joanryanenfield,https://en.wikipedia.org/wiki/Joan_Ryan,1
457,1143,Bailey,Adrian,Adrian Bailey,1945-12-11,https://twitter.com/AdrianBailey4MP,@AdrianBailey4MP,https://en.wikipedia.org/wiki/Adrian_Bailey,1
458,1144,Bacon,Richard,Richard Bacon,1962-12-03,https://twitter.com/Bacon4SNorfolk,@Bacon4SNorfolk,http://en.wikipedia.org/wiki/Richard_Bacon_%28politician%29,1
459,1146,Freeman,George,George Freeman,1967-07-12,https://twitter.com/Freeman_George,@Freeman_George,https://en.wikipedia.org/wiki/George_Freeman_%28politician%29,1
460,1152,Latham,Pauline,Pauline Latham,1948-02-04,https://twitter.com/Pauline_Latham,@Pauline_Latham,https://en.wikipedia.org/wiki/Pauline_Latham,1
461,1155,Johnson,Caroline,Caroline Johnson,1978,https://twitter.com/drcarolinej,@drcarolinej,,1
462,1156,Buckland,Robert,Robert Buckland,1968-09-22,https://twitter.com/RobertBuckland,@RobertBuckland,http://en.wikipedia.org/wiki/Robert_Buckland,1
463,1159,,Sandy,Sandy Martin,1957-05-02,https://twitter.com/sandyofipswich,@sandyofipswich,,1
464,1160,Cash,Bill,Bill Cash,1940-05-10,https://twitter.com/BillCashMP,@BillCashMP,https://en.wikipedia.org/wiki/Bill_Cash,1
465,1161,,Kit,Kit Malthouse,1966-10-27,https://twitter.com/kitmalthouse,@kitmalthouse,https://en.wikipedia.org/wiki/Kit_Malthouse,1
466,1168,Hosie,Stewart,Stewart Hosie,1963-01-03,https://twitter.com/StewartHosieSNP,@StewartHosieSNP,https://en.wikipedia.org/wiki/Stewart_Hosie,1
467,1169,Sheppard,Tommy,Tommy Sheppard,1959-03-06,https://twitter.com/tommysheppard,@tommysheppard,https://en.wikipedia.org/wiki/Tommy_Sheppard,1
468,1174,Perry,Claire,Claire Perry,1964-04-03,https://twitter.com/TeamBluePerry,@TeamBluePerry,https://en.wikipedia.org/wiki/Claire_Perry,1
469,1176,Hinds,Damian,Damian Hinds,1969-11-27,https://twitter.com/DamianHinds,@DamianHinds,https://en.wikipedia.org/wiki/Damian_Hinds,1
470,1177,,Rebecca,Rebecca Long-Bailey,1979-09-22,https://twitter.com/rlong_bailey,@rlong_bailey,https://en.wikipedia.org/wiki/Rebecca_Long-Bailey,1
471,1178,,,Bim Afolami,1986-02-11,https://twitter.com/BimAfolami,@BimAfolami,,1
472,1179,,David,David Warburton,1965-10-28,https://twitter.com/djwarburton,@djwarburton,https://en.wikipedia.org/wiki/David_Warburton,1
473,1181,,Deborah,Debbie Abrahams,1960-09-15,https://twitter.com/Debbie_abrahams,@Debbie_abrahams,https://en.wikipedia.org/wiki/Debbie_Abrahams,1
474,1182,Stephens,Chris,Chris Stephens,1973-03-20,https://twitter.com/ChrisStephens,@ChrisStephens,https://en.wikipedia.org/wiki/Chris_Stephens_%28politician%29,1
475,1184,Corbyn,Jeremy,Jeremy Corbyn,1949-05-26,https://twitter.com/jeremycorbyn,@jeremycorbyn,http://en.wikipedia.org/wiki/Jeremy_Corbyn,1
476,1186,,Mike,Mike Gapes,1952-09-04,https://twitter.com/MikeGapes,@MikeGapes,http://en.wikipedia.org/wiki/Mike_Gapes,1
477,1188,Murray,Sheryll,Sheryll Murray,1956-02-04,https://twitter.com/sheryllmurray,@sheryllmurray,http://en.wikipedia.org/wiki/Sheryll_Murray,1
478,1190,,Alexander,Alistair Burt,1955-05-25,https://twitter.com/AlistairBurtUK,@AlistairBurtUK,https://en.wikipedia.org/wiki/Alistair_Burt,1
479,1191,Hazzard,Chris,Christopher Hazzard,1984-08-20,https://twitter.com/ChrisHazzardSF,@ChrisHazzardSF,,1
480,1193,,Khalid,Khalid Mahmood,1961-07-13,https://twitter.com/khalid4PB,@khalid4PB,https://en.wikipedia.org/wiki/Khalid_Mahmood_(British_politician),1
481,1194,Docherty,Leo,Leo Docherty,1976-10-04,https://twitter.com/LeoDochertyUK,@LeoDochertyUK,,1
482,1197,Gyimah,Sam,Sam Gyimah,1976-08-10,https://twitter.com/SamGyimah,@SamGyimah,https://en.wikipedia.org/wiki/Sam_Gyimah,1
483,1198,Chapman,Douglas,Douglas Chapman,1955-01-05,https://twitter.com/dougchapmansnp,@dougchapmansnp,https://en.wikipedia.org/wiki/Douglas_Chapman_%28Scottish_politician%29,1
484,1199,Goodwill,Robert,Robert Goodwill,1956-12-31,https://twitter.com/transportgovuk,@transportgovuk,http://en.wikipedia.org/wiki/Robert_Goodwill,1
485,1202,Wilson,Phil,Phil Wilson,1959-05-31,https://twitter.com/MPphilwilson,@MPphilwilson,https://en.wikipedia.org/wiki/Phil_Wilson_(British_politician),1
486,1206,Lewis,Ivan,Ivan Lewis,1967-03-04,https://twitter.com/IvanLewis_MP,@IvanLewis_MP,https://en.wikipedia.org/wiki/Ivan_Lewis,1
487,1208,Gillan,Cheryl,Cheryl Gillan,1952-04-21,https://twitter.com/CherylGillan,@CherylGillan,https://en.wikipedia.org/wiki/Cheryl_Gillan,1
488,1212,Robertson,Laurence,Laurence Robertson,1958-03-29,https://twitter.com/lrobertsonTewks,@lrobertsonTewks,https://en.wikipedia.org/wiki/Laurence_Robertson,1
489,1213,Brennan,Kevin,Kevin Brennan,1959-10-16,https://twitter.com/KevinBrennanMP,@KevinBrennanMP,https://en.wikipedia.org/wiki/Kevin_Brennan_(politician),1
490,1216,Hobhouse,Wera,Wera Hobhouse,1960-02-08,https://twitter.com/Wera_Hobhouse,@Wera_Hobhouse,,1
491,1218,,,Rosena Allin-Khan,1977-01-01,https://twitter.com/DrRosena,@DrRosena,,1
492,1219,Blunt,Crispin,Crispin Blunt,1960-07-15,https://twitter.com/CrispinBlunt,@CrispinBlunt,https://en.wikipedia.org/wiki/Crispin_Blunt,1
493,1222,Lamb,Norman,Norman Lamb,1957-09-16,https://twitter.com/normanlamb,@normanlamb,https://en.wikipedia.org/wiki/Norman_Lamb,1
494,1224,,Ruth,Ruth Cadbury,1959-05-14,https://twitter.com/ruthcadbury,@ruthcadbury,https://en.wikipedia.org/wiki/Ruth_Cadbury,1
495,1234,Brock,Deidre,Deidre Brock,1961-12-08,https://twitter.com/deidrebrock,@deidrebrock,https://en.wikipedia.org/wiki/Deidre_Brock,1
496,1238,Fox,Liam,Liam Fox,1961-09-22,https://twitter.com/LiamFoxMP,@LiamFoxMP,https://en.wikipedia.org/wiki/Liam_Fox,1
497,1239,Matheson,Chris,Chris Matheson,1968-01-02,https://twitter.com/chrism4chester,@chrism4chester,https://en.wikipedia.org/wiki/Chris_Matheson_%28British_politician%29,1
498,1241,Opperman,Guy,Guy Opperman,1965-05-18,https://twitter.com/GuyOpperman,@GuyOpperman,https://en.wikipedia.org/wiki/Guy_Opperman,1
499,1244,Robinson,Mary,Mary Robinson,1955-08-23,https://twitter.com/maryrobinson01,@maryrobinson01,https://en.wikipedia.org/wiki/Mary_Robinson_%28British_politician%29,1
500,1247,,Rachael,Rachael Maskell,1972-07-05,https://twitter.com/rachaelmaskell,@rachaelmaskell,https://en.wikipedia.org/wiki/Rachael_Maskell,1
501,1249,James,Margot,Margot James,1957-08-28,https://twitter.com/margot4stour,@margot4stour,https://en.wikipedia.org/wiki/Margot_James,1
502,1250,Swinson,Jo,Jo Swinson,1980-02-05,https://twitter.com/joswinson,@joswinson,,1
503,1251,McLaughlin,Patrick,Patrick McLoughlin,1957-11-30,https://twitter.com/Patrick4Dales,@Patrick4Dales,https://en.wikipedia.org/wiki/Patrick_McLoughlin,1
504,1252,Hoyle,Lindsay,Lindsay Hoyle,1957-06-10,https://twitter.com/LindsayHoyle_MP,@LindsayHoyle_MP,https://en.wikipedia.org/wiki/Lindsay_Hoyle,1
505,1253,,Steve,Steve Double,1966-12-19,https://twitter.com/stevedouble,@stevedouble,https://en.wikipedia.org/wiki/Steve_Double,1
506,1254,Sandbach,Antoinette,Antoinette Sandbach,1969-02-15,https://twitter.com/ASandbachMP,@ASandbachMP,https://en.wikipedia.org/wiki/Antoinette_Sandbach,1
507,1257,,Barry,Barry Sheerman,1940-08-17,https://twitter.com/BarrySheerman,@BarrySheerman,https://en.wikipedia.org/wiki/Barry_Sheerman,1
508,1260,Grant,Helen,Helen Grant,1961-09-28,https://twitter.com/HelenGrantMP,@HelenGrantMP,https://en.wikipedia.org/wiki/Helen_Grant_(politician),1
509,1263,Garman,Harriet,Harriet Harman,1950-07-30,https://twitter.com/HarrietHarman,@HarrietHarman,http://en.wikipedia.org/wiki/Harriet_Harman,1
510,1264,Afriyie,Adam,Adam Afriyie,1965-08-04,https://twitter.com/AdamAfriyie,@AdamAfriyie,http://en.wikipedia.org/wiki/Adam_Afriyie,1
511,1267,Lavery,Ian,Ian Lavery,1963-01-06,https://twitter.com/IanLaveryMP,@IanLaveryMP,https://en.wikipedia.org/wiki/Ian_Lavery,1
512,1271,O'Hara,Brendan,Brendan O'Hara,1963-04-27,https://twitter.com/brendanoharasnp,@brendanoharasnp,https://en.wikipedia.org/wiki/Brendan_O%27Hara,1
513,1274,Gardiner,Barry,Barry Gardiner,1957-03-10,https://twitter.com/BarryGardiner,@BarryGardiner,https://en.wikipedia.org/wiki/Barry_Gardiner,1
514,1276,Wiggin,Bill,Bill Wiggin,1966-06-04,https://twitter.com/BillWigginMP,@BillWigginMP,https://en.wikipedia.org/wiki/Bill_Wiggin,1
515,1278,Brown,Alan,Alan Brown,1970-08-12,https://twitter.com/alanbrownsnp,@alanbrownsnp,https://en.wikipedia.org/wiki/Alan_Brown_%28Scottish_politician%29,1
516,1285,Donaldson,Jeffrey,Jeffrey M. Donaldson,1962-12-07,https://twitter.com/J_Donaldson_MP,@J_Donaldson_MP,https://en.wikipedia.org/wiki/Jeffrey_Donaldson,1
517,1286,,Jack,Jack Dromey,1948-09-29,https://twitter.com/JackDromeyMP,@JackDromeyMP,https://en.wikipedia.org/wiki/Jack_Dromey,1
518,1293,,Andrea,Andrea Jenkyns,1974-06-16,https://twitter.com/andreajenkyns,@andreajenkyns,https://en.wikipedia.org/wiki/Andrea_Jenkyns,1
519,1297,,Nick,Nick Thomas-Symonds,1980-05-26,https://twitter.com/nicktorfaenmp,@nicktorfaenmp,https://en.wikipedia.org/wiki/Nick_Thomas-Symonds,1
520,1298,Mordaunt,Penny,Penny Mordaunt,1973-03-04,https://twitter.com/PompeyToryParty,@PompeyToryParty,https://en.wikipedia.org/wiki/Penny_Mordaunt,1
521,1299,Pollard,Luke,Luke Pollard,1980-04-10,https://twitter.com/LukePollard,@LukePollard,,1
522,1300,Gibson,Patricia,Patricia Gibson,1968-05-12,https://twitter.com/PGibsonSNP,@PGibsonSNP,https://en.wikipedia.org/wiki/Patricia_Gibson,1
523,1301,Hart,Simon,Simon Hart,1963-08-15,https://twitter.com/Simonhartmp,@Simonhartmp,https://en.wikipedia.org/wiki/Simon_Hart,1
524,1302,,Chris,Chris Law,1969-10-21,https://twitter.com/chrislawsnp,@chrislawsnp,https://en.wikipedia.org/wiki/Chris_Law_%28British_politician%29,1
525,1303,McCabe,Steve,Steve McCabe,1955-08-04,https://twitter.com/steve_mccabe,@steve_mccabe,https://en.wikipedia.org/wiki/Steve_McCabe_(politician),1
526,1305,Amesbury,Mike,Mike Amesbury,1969-05-07,https://twitter.com/MikeAmesbury,@MikeAmesbury,,1
527,1306,,Lucy,Lucy Allan,1964-10-02,https://twitter.com/lucyallan,@lucyallan,http://en.wikipedia.org/wiki/Lucy_Allan_%28Conservative_politician%29,1
528,1308,Brady,Mickey,Mickey Brady,1950-10-07,https://twitter.com/MickeyBradySF,@MickeyBradySF,https://en.wikipedia.org/wiki/Mickey_Brady,1
529,1310,Hunt,Jeremy,Jeremy Hunt,1966-11-01,https://twitter.com/Jeremy_Hunt,@Jeremy_Hunt,https://en.wikipedia.org/wiki/Jeremy_Hunt_(politician),1
530,1313,McNally,John,John McNally,1951-02-01,https://twitter.com/johnmcnallymp,@johnmcnallymp,https://en.wikipedia.org/wiki/John_McNally_%28politician%29,1
531,1314,,Jonathan,Jonathan Djanogly,1965-06-03,https://twitter.com/JDjanogly,@JDjanogly,https://en.wikipedia.org/wiki/Jonathan_Djanogly,1
532,1317,,Christopher,Chris Heaton-Harris,1967-11-28,https://twitter.com/chhcalling,@chhcalling,https://en.wikipedia.org/wiki/Chris_Heaton-Harris,1
533,1319,McPartland,Stephen,Stephen McPartland,1976-08-09,https://twitter.com/SMcPartland,@SMcPartland,https://en.wikipedia.org/wiki/Stephen_McPartland,1
534,1322,Murrison,Andrew,Andrew Murrison,1961-04-24,https://twitter.com/AWMurrison,@AWMurrison,https://en.wikipedia.org/wiki/Andrew_Murrison,1
535,1323,Docherty,Martin,Martin Docherty,1971-01-21,https://twitter.com/martinjdocherty,@martinjdocherty,http://en.wikipedia.org/wiki/Martin_Docherty,1
536,1326,Morris,David,David Morris,1966-01-03,https://twitter.com/davidmorrisml,@davidmorrisml,https://en.wikipedia.org/wiki/David_Morris_(Conservative_politician),1
537,1327,Burns,Conor,Conor Burns,1972-09-24,https://twitter.com/Conor_BurnsMP,@Conor_BurnsMP,https://en.wikipedia.org/wiki/Conor_Burns,1
538,1328,Cox,Geoffrey,Geoffrey Cox,1960-04-30,https://twitter.com/Geoffrey_Cox,@Geoffrey_Cox,https://en.wikipedia.org/wiki/Geoffrey_Cox_(British_politician),1
539,1330,Davies,Glyn,Glyn Davies,1944-02-16,https://twitter.com/GlynDaviesMP,@GlynDaviesMP,https://en.wikipedia.org/wiki/Glyn_Davies_(British_politician),1
540,1332,,Alex,Alex Chalk,1976-08-08,https://twitter.com/alexchalkchelt,@alexchalkchelt,https://en.wikipedia.org/wiki/Alex_Chalk,1
541,1334,Stewart,Iain,Iain Stewart,1972-09-18,https://twitter.com/iainastewart,@iainastewart,https://en.wikipedia.org/wiki/Iain_Stewart_(politician),1
542,1335,Huddleston,Nigel,Nigel Huddleston,1970-10-13,https://twitter.com/huddlestonnigel,@huddlestonnigel,https://en.wikipedia.org/wiki/Nigel_Huddleston,1
543,1336,,Andreas,Andrew Slaughter,1960-09-29,https://twitter.com/hammersmithandy,@hammersmithandy,https://en.wikipedia.org/wiki/Andy_Slaughter,1
544,1338,Hoey,Kate,Kate Hoey,1946-06-21,https://twitter.com/KateHoeyMP,@KateHoeyMP,http://en.wikipedia.org/wiki/Kate_Hoey,1
545,1339,Allen,Heidi,Heidi Allen,1975-01-18,https://twitter.com/heidiallen75,@heidiallen75,https://en.wikipedia.org/wiki/Heidi_Allen,1
546,1340,,Angela,Angela Crawley,1987-06-03,https://twitter.com/AngelaCrawley30,@AngelaCrawley30,https://en.wikipedia.org/wiki/Angela_Crawley,1
547,1343,,Margaret,Margaret Greenwood,1959-03-14,https://twitter.com/mgreenwoodww,@mgreenwoodww,https://en.wikipedia.org/wiki/Margaret_Greenwood,1
548,1346,Truss,Elizabeth,Elizabeth Truss,1975-07-26,https://twitter.com/trussliz,@trussliz,https://en.wikipedia.org/wiki/Elizabeth_Truss,1
549,1347,Percy,Andrew,Andrew Percy,1977-09-18,https://twitter.com/AndrewPercy,@AndrewPercy,https://en.wikipedia.org/wiki/Andrew_Percy,1
550,1348,Simpson,David,David Simpson,1959-02-16,https://twitter.com/DavidSimpsonDUP,@DavidSimpsonDUP,https://en.wikipedia.org/wiki/David_Simpson_(British_politician),1
551,1350,May,Theresa,Theresa May,1956-10-01,https://twitter.com/theresa_may,@theresa_may,https://en.wikipedia.org/wiki/Theresa_May,1
552,1355,,Alison,Alison McGovern,1980-12-30,https://twitter.com/Alison_McGovern,@Alison_McGovern,https://en.wikipedia.org/wiki/Alison_McGovern,1
553,1356,Western,Matt,Matt Western,1962-11,https://twitter.com/mattwestern_,@mattwestern_,,1
554,1358,,James,James Heappey,1981-01-30,https://twitter.com/jsheappey,@jsheappey,https://en.wikipedia.org/wiki/James_Heappey,1
555,1359,Vaz,Valerie,Valerie Vaz,1954-12-07,https://twitter.com/Valerie_VazMP,@Valerie_VazMP,https://en.wikipedia.org/wiki/Valerie_Vaz,1
556,1360,Selous,Andrew,Andrew Selous,1962-04-27,https://twitter.com/AndrewSelous,@AndrewSelous,http://en.wikipedia.org/wiki/Andrew_Selous,1
557,1361,Smith,Nick,Nick Smith,1960-01-14,https://twitter.com/NickSmith4BG,@NickSmith4BG,http://en.wikipedia.org/wiki/Nick_Smith_(British_politician),1
558,1366,Streeter,Gary,Gary Streeter,1955-10-02,https://twitter.com/garystreeterSWD,@garystreeterSWD,https://en.wikipedia.org/wiki/Gary_Streeter,1
559,1372,Butler,Dawn,Dawn Butler,1969-11-03,https://twitter.com/dawnbutlerbrent,@dawnbutlerbrent,https://en.wikipedia.org/wiki/Dawn_Butler,1
560,1377,Spelman,Caroline,Caroline Spelman,1958-05-04,https://twitter.com/spelmanc,@spelmanc,https://en.wikipedia.org/wiki/Caroline_Spelman,1
561,1380,Cunningham,Alex,Alex Cunningham,1955-05-01,https://twitter.com/ACunninghamMP,@ACunninghamMP,https://en.wikipedia.org/wiki/Alex_Cunningham,1
562,1382,Turner,Karl,Karl Turner,1971-04-15,https://twitter.com/KarlTurnerMP,@KarlTurnerMP,https://en.wikipedia.org/wiki/Karl_Turner_(British_politician),1
563,1383,Fabricant,Michael,Michael Fabricant,1950-06-12,https://twitter.com/Mike_Fabricant,@Mike_Fabricant,https://en.wikipedia.org/wiki/Michael_Fabricant,1
564,1385,Morden,Jessica,Jessica Morden,1968-05-29,https://twitter.com/jessicamordenmp,@jessicamordenmp,https://en.wikipedia.org/wiki/Jessica_Morden,1
565,1386,Eagle,Angela,Angela Eagle,1961-02-17,https://twitter.com/angelaeagle,@angelaeagle,https://en.wikipedia.org/wiki/Angela_Eagle,1
566,1390,Churchill,Jo,Jo Churchill,1964-03-18,https://twitter.com/jochurchill4,@jochurchill4,https://en.wikipedia.org/wiki/Jo_Churchill,1
567,1391,Jones,Darren,Darren Jones,1986-11-13,https://twitter.com/darrenpjones,@darrenpjones,,1
568,1392,Miller,Maria,Maria Miller,1964-03-26,https://twitter.com/mariamiller2015,@mariamiller2015,https://en.wikipedia.org/wiki/Maria_Miller,1
569,1393,Hillier,Meg,Meg Hillier,1969-02-14,https://twitter.com/Meg_HillierMP,@Meg_HillierMP,http://en.wikipedia.org/wiki/Meg_Hillier,1
570,1395,,Karen,Karen Lee,1959-01-15,https://twitter.com/KarenLeeMP,@KarenLeeMP,,1
571,1398,,Lloyd,Lloyd Russell-Moyle,1986-09-14,https://twitter.com/lloyd_rm,@lloyd_rm,,1
572,1399,,Ann,Ann Clwyd,1937-03-21,https://twitter.com/AnnClwyd,@AnnClwyd,http://en.wikipedia.org/wiki/Ann_Clwyd,1
573,1400,Bone,Peter,Peter Bone,1952-10-19,https://twitter.com/PeterBoneUK,@PeterBoneUK,https://en.wikipedia.org/wiki/Peter_Bone,1
574,1401,Offord,Matthew,Matthew Offord,1969-09-03,https://twitter.com/Offord4Hendon,@Offord4Hendon,http://en.wikipedia.org/wiki/Matthew_Offord,1
575,1403,Morris,James,James Morris,1967-02-04,https://twitter.com/JamesMorris,@JamesMorris,https://en.wikipedia.org/wiki/James_Morris_(British_politician),1
576,1407,Hardy,Emma,Emma Hardy,1980-09-16,https://twitter.com/EmmaHardyMP,@EmmaHardyMP,,1
577,1408,Neill,Bob,Bob Neill,1952-06-24,https://twitter.com/neill_bob,@neill_bob,http://en.wikipedia.org/wiki/Bob_Neill,1
578,1410,Ali,,Rushanara Ali,1975-03-14,https://twitter.com/rushanaraali,@rushanaraali,https://en.wikipedia.org/wiki/Rushanara_Ali,1
579,1412,Campbell,Alan,Alan Campbell,1957-07-08,https://twitter.com/alancampbellmp,@alancampbellmp,http://en.wikipedia.org/wiki/Alan_Campbell_%28politician%29,1
580,1417,,Julian,Julian Knight,1972-01-05,https://twitter.com/julianknight15,@julianknight15,https://en.wikipedia.org/wiki/Julian_Knight_%28politician%29,1
581,1418,Gray,Neil,Neil Gray,1986-03-16,https://twitter.com/NeilGrayMP,@NeilGrayMP,https://en.wikipedia.org/wiki/Neil_Gray,1
582,1421,,Roger,Roger Godsiff,1946-06-28,https://twitter.com/RogerGodsiff,@RogerGodsiff,https://en.wikipedia.org/wiki/Roger_Godsiff,1
583,1423,Pearce,Teresa,Teresa Pearce,1955-02-01,https://twitter.com/tpearce003,@tpearce003,https://en.wikipedia.org/wiki/Teresa_Pearce,1
584,1425,Keeley,Barbara,Barbara Keeley,1952-03-26,https://twitter.com/KeeleyMP,@KeeleyMP,https://en.wikipedia.org/wiki/Barbara_Keeley,1
585,1426,Maclean,Rachel,Rachel Maclean,1965-10-03,https://twitter.com/redditchrachel,@redditchrachel,,1
586,1429,Sharma,,Virendra Sharma,1947-04-05,https://twitter.com/VirendraSharma,@VirendraSharma,https://en.wikipedia.org/wiki/Virendra_Sharma,1
587,1432,,Mary,Mary Glindon,1957-01-13,https://twitter.com/GlindonMary,@GlindonMary,https://en.wikipedia.org/wiki/Mary_Glindon,1
